height,interval,bits,rel_difficulty,hashrate
0,,0x1e0fffff,1.0,1.0
20,770,0x1e013f24,12.834455324357405,10.0
40,641,0x1e017f1f,10.691126540849723,10.0
60,600,0x1e0198fd,10.014947326195548,10.0
80,597,0x1e019b0b,9.964885438148004,10.0
100,599,0x1e0199c6,9.995757945511048,10.0
120,600,0x1e019936,10.00949808129212,10.0
140,600,0x1e019936,10.00949808129212,10.0
160,600,0x1e019936,10.00949808129212,10.0
180,600,0x1e019936,10.00949808129212,10.0
200,600,0x1e019936,10.00949808129212,10.0
220,600,0x1e019936,10.00949808129212,10.0
240,600,0x1e019936,10.00949808129212,10.0
260,600,0x1e019936,10.00949808129212,10.0
280,600,0x1e019936,10.00949808129212,10.0
300,600,0x1e019936,10.00949808129212,10.0
320,600,0x1e019936,10.00949808129212,10.0
340,600,0x1e019936,10.00949808129212,10.0
360,600,0x1e019936,10.00949808129212,10.0
380,600,0x1e019936,10.00949808129212,10.0
400,600,0x1e019936,10.00949808129212,10.0
420,600,0x1e019936,10.00949808129212,10.0
440,600,0x1e019936,10.00949808129212,10.0
460,600,0x1e019936,10.00949808129212,10.0
480,600,0x1e019936,10.00949808129212,10.0
500,600,0x1e019936,10.00949808129212,10.0
520,600,0x1e019936,10.00949808129212,10.0
540,600,0x1e019936,10.00949808129212,10.0
560,600,0x1e019936,10.00949808129212,10.0
580,600,0x1e019936,10.00949808129212,10.0
600,600,0x1e019936,10.00949808129212,10.0
620,600,0x1e019936,10.00949808129212,10.0
640,600,0x1e019936,10.00949808129212,10.0
660,600,0x1e019936,10.00949808129212,10.0
680,600,0x1e019936,10.00949808129212,10.0
700,600,0x1e019936,10.00949808129212,10.0
720,600,0x1e019936,10.00949808129212,10.0
740,600,0x1e019936,10.00949808129212,10.0
760,600,0x1e019936,10.00949808129212,10.0
780,600,0x1e019936,10.00949808129212,10.0
800,600,0x1e019936,10.00949808129212,10.0
820,600,0x1e019936,10.00949808129212,10.0
840,600,0x1e019936,10.00949808129212,10.0
860,600,0x1e019936,10.00949808129212,10.0
880,600,0x1e019936,10.00949808129212,10.0
900,600,0x1e019936,10.00949808129212,10.0
920,600,0x1e019936,10.00949808129212,10.0
940,600,0x1e019936,10.00949808129212,10.0
960,600,0x1e019936,10.00949808129212,10.0
980,600,0x1e019936,10.00949808129212,10.0
1000,600,0x1e019936,10.00949808129212,10.0
1020,600,0x1e019936,10.00949808129212,10.0
1040,600,0x1e019936,10.00949808129212,10.0
1060,600,0x1e019936,10.00949808129212,10.0
1080,600,0x1e019936,10.00949808129212,10.0
1100,600,0x1e019936,10.00949808129212,10.0
1120,600,0x1e019936,10.00949808129212,10.0
1140,600,0x1e019936,10.00949808129212,10.0
1160,600,0x1e019936,10.00949808129212,10.0
1180,600,0x1e019936,10.00949808129212,10.0
1200,600,0x1e019936,10.00949808129212,10.0
1220,600,0x1e019936,10.00949808129212,10.0
1240,600,0x1e019936,10.00949808129212,10.0
1260,600,0x1e019936,10.00949808129212,10.0
1280,600,0x1e019936,10.00949808129212,10.0
1300,600,0x1e019936,10.00949808129212,10.0
1320,600,0x1e019936,10.00949808129212,10.0
1340,600,0x1e019936,10.00949808129212,10.0
1360,600,0x1e019936,10.00949808129212,10.0
1380,600,0x1e019936,10.00949808129212,10.0
1400,600,0x1e019936,10.00949808129212,10.0
1420,600,0x1e019936,10.00949808129212,10.0
1440,600,0x1e019936,10.00949808129212,10.0
1460,600,0x1e019936,10.00949808129212,10.0
1480,600,0x1e019936,10.00949808129212,10.0
1500,600,0x1e019936,10.00949808129212,10.0
1520,600,0x1e019936,10.00949808129212,10.0
1540,600,0x1e019936,10.00949808129212,10.0
1560,600,0x1e019936,10.00949808129212,10.0
1580,600,0x1e019936,10.00949808129212,10.0
1600,600,0x1e019936,10.00949808129212,10.0
1620,600,0x1e019936,10.00949808129212,10.0
1640,600,0x1e019936,10.00949808129212,10.0
1660,600,0x1e019936,10.00949808129212,10.0
1680,600,0x1e019936,10.00949808129212,10.0
1700,600,0x1e019936,10.00949808129212,10.0
1720,600,0x1e019936,10.00949808129212,10.0
1740,600,0x1e019936,10.00949808129212,10.0
1760,600,0x1e019936,10.00949808129212,10.0
1780,600,0x1e019936,10.00949808129212,10.0
1800,600,0x1e019936,10.00949808129212,10.0
1820,600,0x1e019936,10.00949808129212,10.0
1840,600,0x1e019936,10.00949808129212,10.0
1860,600,0x1e019936,10.00949808129212,10.0
1880,600,0x1e019936,10.00949808129212,10.0
1900,600,0x1e019936,10.00949808129212,10.0
1920,600,0x1e019936,10.00949808129212,10.0
1940,600,0x1e019936,10.00949808129212,10.0
1960,600,0x1e019936,10.00949808129212,10.0
1980,600,0x1e019936,10.00949808129212,10.0
2000,600,0x1e019936,10.00949808129212,10.0
2020,600,0x1e019936,10.00949808129212,10.0
2040,600,0x1e019936,10.00949808129212,10.0
2060,600,0x1e019936,10.00949808129212,10.0
2080,600,0x1e019936,10.00949808129212,10.0
2100,600,0x1e019936,10.00949808129212,10.0
2120,600,0x1e019936,10.00949808129212,10.0
2140,600,0x1e019936,10.00949808129212,10.0
2160,600,0x1e019936,10.00949808129212,10.0
2180,600,0x1e019936,10.00949808129212,10.0
2200,600,0x1e019936,10.00949808129212,10.0
2220,600,0x1e019936,10.00949808129212,10.0
2240,600,0x1e019936,10.00949808129212,10.0
2260,600,0x1e019936,10.00949808129212,10.0
2280,600,0x1e019936,10.00949808129212,10.0
2300,600,0x1e019936,10.00949808129212,10.0
2320,600,0x1e019936,10.00949808129212,10.0
2340,600,0x1e019936,10.00949808129212,10.0
2360,600,0x1e019936,10.00949808129212,10.0
2380,600,0x1e019936,10.00949808129212,10.0
2400,600,0x1e019936,10.00949808129212,10.0
2420,600,0x1e019936,10.00949808129212,10.0
2440,600,0x1e019936,10.00949808129212,10.0
2460,600,0x1e019936,10.00949808129212,10.0
2480,600,0x1e019936,10.00949808129212,10.0
2500,600,0x1e019936,10.00949808129212,10.0
2520,600,0x1e019936,10.00949808129212,10.0
2540,600,0x1e019936,10.00949808129212,10.0
2560,600,0x1e019936,10.00949808129212,10.0
2580,600,0x1e019936,10.00949808129212,10.0
2600,600,0x1e019936,10.00949808129212,10.0
2620,600,0x1e019936,10.00949808129212,10.0
2640,600,0x1e019936,10.00949808129212,10.0
2660,600,0x1e019936,10.00949808129212,10.0
2680,600,0x1e019936,10.00949808129212,10.0
2700,600,0x1e019936,10.00949808129212,10.0
2720,600,0x1e019936,10.00949808129212,10.0
2740,600,0x1e019936,10.00949808129212,10.0
2760,600,0x1e019936,10.00949808129212,10.0
2780,600,0x1e019936,10.00949808129212,10.0
2800,600,0x1e019936,10.00949808129212,10.0
2820,600,0x1e019936,10.00949808129212,10.0
2840,600,0x1e019936,10.00949808129212,10.0
2860,600,0x1e019936,10.00949808129212,10.0
2880,600,0x1e019936,10.00949808129212,10.0
2900,600,0x1e019936,10.00949808129212,10.0
2920,600,0x1e019936,10.00949808129212,10.0
2940,600,0x1e019936,10.00949808129212,10.0
2960,600,0x1e019936,10.00949808129212,10.0
2980,600,0x1e019936,10.00949808129212,10.0
3000,600,0x1e019936,10.00949808129212,10.0
3020,600,0x1e019936,10.00949808129212,10.0
3040,600,0x1e019936,10.00949808129212,10.0
3060,600,0x1e019936,10.00949808129212,10.0
3080,600,0x1e019936,10.00949808129212,10.0
3100,600,0x1e019936,10.00949808129212,10.0
3120,600,0x1e019936,10.00949808129212,10.0
3140,600,0x1e019936,10.00949808129212,10.0
3160,600,0x1e019936,10.00949808129212,10.0
3180,600,0x1e019936,10.00949808129212,10.0
3200,600,0x1e019936,10.00949808129212,10.0
3220,600,0x1e019936,10.00949808129212,10.0
3240,600,0x1e019936,10.00949808129212,10.0
3260,600,0x1e019936,10.00949808129212,10.0
3280,600,0x1e019936,10.00949808129212,10.0
3300,600,0x1e019936,10.00949808129212,10.0
3320,600,0x1e019936,10.00949808129212,10.0
3340,600,0x1e019936,10.00949808129212,10.0
3360,600,0x1e019936,10.00949808129212,10.0
3380,600,0x1e019936,10.00949808129212,10.0
3400,600,0x1e019936,10.00949808129212,10.0
3420,600,0x1e019936,10.00949808129212,10.0
3440,600,0x1e019936,10.00949808129212,10.0
3460,600,0x1e019936,10.00949808129212,10.0
3480,600,0x1e019936,10.00949808129212,10.0
3500,600,0x1e019936,10.00949808129212,10.0
3520,600,0x1e019936,10.00949808129212,10.0
3540,600,0x1e019936,10.00949808129212,10.0
3560,600,0x1e019936,10.00949808129212,10.0
3580,600,0x1e019936,10.00949808129212,10.0
3600,600,0x1e019936,10.00949808129212,10.0
3620,600,0x1e019936,10.00949808129212,10.0
3640,600,0x1e019936,10.00949808129212,10.0
3660,600,0x1e019936,10.00949808129212,10.0
3680,600,0x1e019936,10.00949808129212,10.0
3700,600,0x1e019936,10.00949808129212,10.0
3720,600,0x1e019936,10.00949808129212,10.0
3740,600,0x1e019936,10.00949808129212,10.0
3760,600,0x1e019936,10.00949808129212,10.0
3780,600,0x1e019936,10.00949808129212,10.0
3800,600,0x1e019936,10.00949808129212,10.0
3820,600,0x1e019936,10.00949808129212,10.0
3840,600,0x1e019936,10.00949808129212,10.0
3860,600,0x1e019936,10.00949808129212,10.0
3880,600,0x1e019936,10.00949808129212,10.0
3900,600,0x1e019936,10.00949808129212,10.0
3920,600,0x1e019936,10.00949808129212,10.0
3940,600,0x1e019936,10.00949808129212,10.0
3960,600,0x1e019936,10.00949808129212,10.0
3980,600,0x1e019936,10.00949808129212,10.0
4000,600,0x1e019936,10.00949808129212,10.0
4020,600,0x1e019936,10.00949808129212,10.0
4040,600,0x1e019936,10.00949808129212,10.0
4060,600,0x1e019936,10.00949808129212,10.0
4080,600,0x1e019936,10.00949808129212,10.0
4100,600,0x1e019936,10.00949808129212,10.0
4120,600,0x1e019936,10.00949808129212,10.0
4140,600,0x1e019936,10.00949808129212,10.0
4160,600,0x1e019936,10.00949808129212,10.0
4180,600,0x1e019936,10.00949808129212,10.0
4200,600,0x1e019936,10.00949808129212,10.0
4220,600,0x1e019936,10.00949808129212,10.0
4240,600,0x1e019936,10.00949808129212,10.0
4260,600,0x1e019936,10.00949808129212,10.0
4280,600,0x1e019936,10.00949808129212,10.0
4300,600,0x1e019936,10.00949808129212,10.0
4320,600,0x1e019936,10.00949808129212,10.0
4340,600,0x1e019936,10.00949808129212,10.0
4360,600,0x1e019936,10.00949808129212,10.0
4380,600,0x1e019936,10.00949808129212,10.0
4400,600,0x1e019936,10.00949808129212,10.0
4420,600,0x1e019936,10.00949808129212,10.0
4440,600,0x1e019936,10.00949808129212,10.0
4460,600,0x1e019936,10.00949808129212,10.0
4480,600,0x1e019936,10.00949808129212,10.0
4500,600,0x1e019936,10.00949808129212,10.0
4520,600,0x1e019936,10.00949808129212,10.0
4540,600,0x1e019936,10.00949808129212,10.0
4560,600,0x1e019936,10.00949808129212,10.0
4580,600,0x1e019936,10.00949808129212,10.0
4600,600,0x1e019936,10.00949808129212,10.0
4620,600,0x1e019936,10.00949808129212,10.0
4640,600,0x1e019936,10.00949808129212,10.0
4660,600,0x1e019936,10.00949808129212,10.0
4680,600,0x1e019936,10.00949808129212,10.0
4700,600,0x1e019936,10.00949808129212,10.0
4720,600,0x1e019936,10.00949808129212,10.0
4740,600,0x1e019936,10.00949808129212,10.0
4760,600,0x1e019936,10.00949808129212,10.0
4780,600,0x1e019936,10.00949808129212,10.0
4800,600,0x1e019936,10.00949808129212,10.0
4820,600,0x1e019936,10.00949808129212,10.0
4840,600,0x1e019936,10.00949808129212,10.0
4860,600,0x1e019936,10.00949808129212,10.0
4880,600,0x1e019936,10.00949808129212,10.0
4900,600,0x1e019936,10.00949808129212,10.0
4920,600,0x1e019936,10.00949808129212,10.0
4940,600,0x1e019936,10.00949808129212,10.0
4960,600,0x1e019936,10.00949808129212,10.0
4980,600,0x1e019936,10.00949808129212,10.0
5000,600,0x1e019936,10.00949808129212,10.0
5020,600,0x1e019936,10.00949808129212,10.0
5040,600,0x1e019936,10.00949808129212,10.0
5060,600,0x1e019936,10.00949808129212,10.0
5080,600,0x1e019936,10.00949808129212,10.0
5100,600,0x1e019936,10.00949808129212,10.0
5120,600,0x1e019936,10.00949808129212,10.0
5140,600,0x1e019936,10.00949808129212,10.0
5160,600,0x1e019936,10.00949808129212,10.0
5180,600,0x1e019936,10.00949808129212,10.0
5200,600,0x1e019936,10.00949808129212,10.0
5220,600,0x1e019936,10.00949808129212,10.0
5240,600,0x1e019936,10.00949808129212,10.0
5260,600,0x1e019936,10.00949808129212,10.0
5280,600,0x1e019936,10.00949808129212,10.0
5300,600,0x1e019936,10.00949808129212,10.0
5320,600,0x1e019936,10.00949808129212,10.0
5340,600,0x1e019936,10.00949808129212,10.0
5360,600,0x1e019936,10.00949808129212,10.0
5380,600,0x1e019936,10.00949808129212,10.0
5400,600,0x1e019936,10.00949808129212,10.0
5420,600,0x1e019936,10.00949808129212,10.0
5440,600,0x1e019936,10.00949808129212,10.0
5460,600,0x1e019936,10.00949808129212,10.0
5480,600,0x1e019936,10.00949808129212,10.0
5500,600,0x1e019936,10.00949808129212,10.0
5520,600,0x1e019936,10.00949808129212,10.0
5540,600,0x1e019936,10.00949808129212,10.0
5560,600,0x1e019936,10.00949808129212,10.0
5580,600,0x1e019936,10.00949808129212,10.0
5600,600,0x1e019936,10.00949808129212,10.0
5620,600,0x1e019936,10.00949808129212,10.0
5640,600,0x1e019936,10.00949808129212,10.0
5660,600,0x1e019936,10.00949808129212,10.0
5680,600,0x1e019936,10.00949808129212,10.0
5700,600,0x1e019936,10.00949808129212,10.0
5720,600,0x1e019936,10.00949808129212,10.0
5740,600,0x1e019936,10.00949808129212,10.0
5760,600,0x1e019936,10.00949808129212,10.0
5780,600,0x1e019936,10.00949808129212,10.0
5800,600,0x1e019936,10.00949808129212,10.0
5820,600,0x1e019936,10.00949808129212,10.0
5840,600,0x1e019936,10.00949808129212,10.0
5860,600,0x1e019936,10.00949808129212,10.0
5880,600,0x1e019936,10.00949808129212,10.0
5900,600,0x1e019936,10.00949808129212,10.0
5920,600,0x1e019936,10.00949808129212,10.0
5940,600,0x1e019936,10.00949808129212,10.0
5960,600,0x1e019936,10.00949808129212,10.0
5980,600,0x1e019936,10.00949808129212,10.0
6000,600,0x1e019936,10.00949808129212,10.0
6020,600,0x1e019936,10.00949808129212,10.0
6040,600,0x1e019936,10.00949808129212,10.0
6060,600,0x1e019936,10.00949808129212,10.0
6080,600,0x1e019936,10.00949808129212,10.0
6100,600,0x1e019936,10.00949808129212,10.0
6120,600,0x1e019936,10.00949808129212,10.0
6140,600,0x1e019936,10.00949808129212,10.0
6160,600,0x1e019936,10.00949808129212,10.0
6180,600,0x1e019936,10.00949808129212,10.0
6200,600,0x1e019936,10.00949808129212,10.0
6220,600,0x1e019936,10.00949808129212,10.0
6240,600,0x1e019936,10.00949808129212,10.0
6260,600,0x1e019936,10.00949808129212,10.0
6280,600,0x1e019936,10.00949808129212,10.0
6300,600,0x1e019936,10.00949808129212,10.0
6320,600,0x1e019936,10.00949808129212,10.0
6340,600,0x1e019936,10.00949808129212,10.0
6360,600,0x1e019936,10.00949808129212,10.0
6380,600,0x1e019936,10.00949808129212,10.0
6400,600,0x1e019936,10.00949808129212,10.0
6420,600,0x1e019936,10.00949808129212,10.0
6440,600,0x1e019936,10.00949808129212,10.0
6460,600,0x1e019936,10.00949808129212,10.0
6480,600,0x1e019936,10.00949808129212,10.0
6500,600,0x1e019936,10.00949808129212,10.0
6520,600,0x1e019936,10.00949808129212,10.0
6540,600,0x1e019936,10.00949808129212,10.0
6560,600,0x1e019936,10.00949808129212,10.0
6580,600,0x1e019936,10.00949808129212,10.0
6600,600,0x1e019936,10.00949808129212,10.0
6620,600,0x1e019936,10.00949808129212,10.0
6640,600,0x1e019936,10.00949808129212,10.0
6660,600,0x1e019936,10.00949808129212,10.0
6680,600,0x1e019936,10.00949808129212,10.0
6700,600,0x1e019936,10.00949808129212,10.0
6720,600,0x1e019936,10.00949808129212,10.0
6740,600,0x1e019936,10.00949808129212,10.0
6760,600,0x1e019936,10.00949808129212,10.0
6780,600,0x1e019936,10.00949808129212,10.0
6800,600,0x1e019936,10.00949808129212,10.0
6820,600,0x1e019936,10.00949808129212,10.0
6840,600,0x1e019936,10.00949808129212,10.0
6860,600,0x1e019936,10.00949808129212,10.0
6880,600,0x1e019936,10.00949808129212,10.0
6900,600,0x1e019936,10.00949808129212,10.0
6920,600,0x1e019936,10.00949808129212,10.0
6940,600,0x1e019936,10.00949808129212,10.0
6960,600,0x1e019936,10.00949808129212,10.0
6980,600,0x1e019936,10.00949808129212,10.0
7000,600,0x1e019936,10.00949808129212,10.0
7020,600,0x1e019936,10.00949808129212,10.0
7040,600,0x1e019936,10.00949808129212,10.0
7060,600,0x1e019936,10.00949808129212,10.0
7080,600,0x1e019936,10.00949808129212,10.0
7100,600,0x1e019936,10.00949808129212,10.0
7120,600,0x1e019936,10.00949808129212,10.0
7140,600,0x1e019936,10.00949808129212,10.0
7160,600,0x1e019936,10.00949808129212,10.0
7180,600,0x1e019936,10.00949808129212,10.0
7200,600,0x1e019936,10.00949808129212,10.0
7220,600,0x1e019936,10.00949808129212,10.0
7240,600,0x1e019936,10.00949808129212,10.0
7260,600,0x1e019936,10.00949808129212,10.0
7280,600,0x1e019936,10.00949808129212,10.0
7300,600,0x1e019936,10.00949808129212,10.0
7320,600,0x1e019936,10.00949808129212,10.0
7340,600,0x1e019936,10.00949808129212,10.0
7360,600,0x1e019936,10.00949808129212,10.0
7380,600,0x1e019936,10.00949808129212,10.0
7400,600,0x1e019936,10.00949808129212,10.0
7420,600,0x1e019936,10.00949808129212,10.0
7440,600,0x1e019936,10.00949808129212,10.0
7460,600,0x1e019936,10.00949808129212,10.0
7480,600,0x1e019936,10.00949808129212,10.0
7500,600,0x1e019936,10.00949808129212,10.0
7520,600,0x1e019936,10.00949808129212,10.0
7540,600,0x1e019936,10.00949808129212,10.0
7560,600,0x1e019936,10.00949808129212,10.0
7580,600,0x1e019936,10.00949808129212,10.0
7600,600,0x1e019936,10.00949808129212,10.0
7620,600,0x1e019936,10.00949808129212,10.0
7640,600,0x1e019936,10.00949808129212,10.0
7660,600,0x1e019936,10.00949808129212,10.0
7680,600,0x1e019936,10.00949808129212,10.0
7700,600,0x1e019936,10.00949808129212,10.0
7720,600,0x1e019936,10.00949808129212,10.0
7740,600,0x1e019936,10.00949808129212,10.0
7760,600,0x1e019936,10.00949808129212,10.0
7780,600,0x1e019936,10.00949808129212,10.0
7800,600,0x1e019936,10.00949808129212,10.0
7820,600,0x1e019936,10.00949808129212,10.0
7840,600,0x1e019936,10.00949808129212,10.0
7860,600,0x1e019936,10.00949808129212,10.0
7880,600,0x1e019936,10.00949808129212,10.0
7900,600,0x1e019936,10.00949808129212,10.0
7920,600,0x1e019936,10.00949808129212,10.0
7940,600,0x1e019936,10.00949808129212,10.0
7960,600,0x1e019936,10.00949808129212,10.0
7980,600,0x1e019936,10.00949808129212,10.0
8000,600,0x1e019936,10.00949808129212,10.0
8020,600,0x1e019936,10.00949808129212,10.0
8040,600,0x1e019936,10.00949808129212,10.0
8060,600,0x1e019936,10.00949808129212,10.0
8080,600,0x1e019936,10.00949808129212,10.0
8100,600,0x1e019936,10.00949808129212,10.0
8120,600,0x1e019936,10.00949808129212,10.0
8140,600,0x1e019936,10.00949808129212,10.0
8160,600,0x1e019936,10.00949808129212,10.0
8180,600,0x1e019936,10.00949808129212,10.0
8200,600,0x1e019936,10.00949808129212,10.0
8220,600,0x1e019936,10.00949808129212,10.0
8240,600,0x1e019936,10.00949808129212,10.0
8260,600,0x1e019936,10.00949808129212,10.0
8280,600,0x1e019936,10.00949808129212,10.0
8300,600,0x1e019936,10.00949808129212,10.0
8320,600,0x1e019936,10.00949808129212,10.0
8340,600,0x1e019936,10.00949808129212,10.0
8360,600,0x1e019936,10.00949808129212,10.0
8380,600,0x1e019936,10.00949808129212,10.0
8400,600,0x1e019936,10.00949808129212,10.0
8420,600,0x1e019936,10.00949808129212,10.0
8440,600,0x1e019936,10.00949808129212,10.0
8460,600,0x1e019936,10.00949808129212,10.0
8480,600,0x1e019936,10.00949808129212,10.0
8500,600,0x1e019936,10.00949808129212,10.0
8520,600,0x1e019936,10.00949808129212,10.0
8540,600,0x1e019936,10.00949808129212,10.0
8560,600,0x1e019936,10.00949808129212,10.0
8580,600,0x1e019936,10.00949808129212,10.0
8600,600,0x1e019936,10.00949808129212,10.0
8620,600,0x1e019936,10.00949808129212,10.0
8640,600,0x1e019936,10.00949808129212,10.0
8660,600,0x1e019936,10.00949808129212,10.0
8680,600,0x1e019936,10.00949808129212,10.0
8700,600,0x1e019936,10.00949808129212,10.0
8720,600,0x1e019936,10.00949808129212,10.0
8740,600,0x1e019936,10.00949808129212,10.0
8760,600,0x1e019936,10.00949808129212,10.0
8780,600,0x1e019936,10.00949808129212,10.0
8800,600,0x1e019936,10.00949808129212,10.0
8820,600,0x1e019936,10.00949808129212,10.0
8840,600,0x1e019936,10.00949808129212,10.0
8860,600,0x1e019936,10.00949808129212,10.0
8880,600,0x1e019936,10.00949808129212,10.0
8900,600,0x1e019936,10.00949808129212,10.0
8920,600,0x1e019936,10.00949808129212,10.0
8940,600,0x1e019936,10.00949808129212,10.0
8960,600,0x1e019936,10.00949808129212,10.0
8980,600,0x1e019936,10.00949808129212,10.0
9000,600,0x1e019936,10.00949808129212,10.0
9020,600,0x1e019936,10.00949808129212,10.0
9040,600,0x1e019936,10.00949808129212,10.0
9060,600,0x1e019936,10.00949808129212,10.0
9080,600,0x1e019936,10.00949808129212,10.0
9100,600,0x1e019936,10.00949808129212,10.0
9120,600,0x1e019936,10.00949808129212,10.0
9140,600,0x1e019936,10.00949808129212,10.0
9160,600,0x1e019936,10.00949808129212,10.0
9180,600,0x1e019936,10.00949808129212,10.0
9200,600,0x1e019936,10.00949808129212,10.0
9220,600,0x1e019936,10.00949808129212,10.0
9240,600,0x1e019936,10.00949808129212,10.0
9260,600,0x1e019936,10.00949808129212,10.0
9280,600,0x1e019936,10.00949808129212,10.0
9300,600,0x1e019936,10.00949808129212,10.0
9320,600,0x1e019936,10.00949808129212,10.0
9340,600,0x1e019936,10.00949808129212,10.0
9360,600,0x1e019936,10.00949808129212,10.0
9380,600,0x1e019936,10.00949808129212,10.0
9400,600,0x1e019936,10.00949808129212,10.0
9420,600,0x1e019936,10.00949808129212,10.0
9440,600,0x1e019936,10.00949808129212,10.0
9460,600,0x1e019936,10.00949808129212,10.0
9480,600,0x1e019936,10.00949808129212,10.0
9500,600,0x1e019936,10.00949808129212,10.0
9520,600,0x1e019936,10.00949808129212,10.0
9540,600,0x1e019936,10.00949808129212,10.0
9560,600,0x1e019936,10.00949808129212,10.0
9580,600,0x1e019936,10.00949808129212,10.0
9600,600,0x1e019936,10.00949808129212,10.0
9620,600,0x1e019936,10.00949808129212,10.0
9640,600,0x1e019936,10.00949808129212,10.0
9660,600,0x1e019936,10.00949808129212,10.0
9680,600,0x1e019936,10.00949808129212,10.0
9700,600,0x1e019936,10.00949808129212,10.0
9720,600,0x1e019936,10.00949808129212,10.0
9740,600,0x1e019936,10.00949808129212,10.0
9760,600,0x1e019936,10.00949808129212,10.0
9780,600,0x1e019936,10.00949808129212,10.0
9800,600,0x1e019936,10.00949808129212,10.0
9820,600,0x1e019936,10.00949808129212,10.0
9840,600,0x1e019936,10.00949808129212,10.0
9860,600,0x1e019936,10.00949808129212,10.0
9880,600,0x1e019936,10.00949808129212,10.0
9900,600,0x1e019936,10.00949808129212,10.0
9920,600,0x1e019936,10.00949808129212,10.0
9940,600,0x1e019936,10.00949808129212,10.0
9960,600,0x1e019936,10.00949808129212,10.0
9980,600,0x1e019936,10.00949808129212,10.0
10000,600,0x1e019936,10.00949808129212,10.0
