window,damp,damp_num,damp_den,scenario,hashrate,initial_interval,settling_height,settling_blocks,classification,tail_n,tail_mean,tail_median,tail_std,tail_p05,tail_p95,tail_min,tail_max,tail_p95_p05_ratio,tail_max_overshoot,tail_max_undershoot,osc_persistent_oscillation,osc_sign_changes,osc_amplitude,osc_amp_first_half,osc_amp_second_half,osc_amp_decay_ratio,osc_std,final_bits,final_target,seq_hash
10,1/2,1,2,fixed_x1,1,600,100,100,STABLE,2000,600.0,600.0,0.0,600.0,600.0,600.0,600.0,1.0,0.0,0.0,False,0,0.0,0.0,0.0,1.0,0.0,0x1e0fffff,110427836236357352041769395878404723568785424659630784333489133269811200,125ef3a29d78a7dce88cafdc29478749736f5c115d90cf45d4646d45ffcd8b6f
10,1/2,1,2,fixed_x2,2,300,230,230,STABLE,2000,600.002,600.0,0.8160857798050398,599.0,601.0,599.0,601.0,1.003338898163606,1.0,1.0,False,222,2.0,2.0,2.0,1.0,0.8160857798050398,0x1e07fb9d,55095705070780720578816284953127441724114752585228275789361602562621440,893e5305fe90c4c3d9fe2f42ac5de281411cf499fee2a8c53c508c217eb5b1ba
10,1/2,1,2,fixed_x5,5,120,314,314,STABLE,2000,600.004,600.0,0.8227903742752464,599.0,601.0,599.0,601.0,1.003338898163606,1.0,1.0,False,222,2.0,2.0,2.0,1.0,0.8227903742752464,0x1e0331b0,22044811390395738777101784898967364256449672530006144360642408305655808,bb6fa3d7be6697b143be1adca158b459dbcecea12b816c550c2439515c59bac8
10,1/2,1,2,fixed_x10,10,60,340,340,STABLE,2000,600.006,600.0,0.8185132863918582,599.0,601.0,599.0,601.0,1.003338898163606,1.0,1.0,False,222,2.0,2.0,2.0,1.0,0.8185132863918582,0x1e0198e4,11023669442697892074791267465815886173412663006147878769656255884558336,f880be58ab23ec88d6a78c1cfbcc11745c3602d3701bf9dbf7ae60cc821ed8dc
10,1/2,1,2,fixed_x25,25,24,352,352,STABLE,2000,600.0125,600.0,0.8150728495048771,599.0,601.0,599.0,601.0,1.003338898163606,1.0,1.0,False,221,2.0,2.0,2.0,1.0,0.8150728495048771,0x1e00a3a4,4411742522579197665149182015724321750703153336519803368665595470938112,ae44072afa90eae6a41d272b9b97feaeb26af5fc0fd31e75234302330d843889
10,1/2,1,2,fixed_x50,50,12,356,356,STABLE,2000,599.999,600.0,0.8167000673441872,599.0,601.0,599.0,601.0,1.003338898163606,1.0,1.0,False,222,2.0,2.0,2.0,1.0,0.8167000673441872,0x1d51efd0,2209010883984967693703022689062480300115083728291530554712066881486848,644407779576e586e7e3f945f39f7582491d475b1633ffbe62ca4f921fc21688
10,1/2,1,2,fixed_x100,100,6,356,356,STABLE,2000,599.9995,600.0,0.824317748201505,599.0,601.0,599.0,601.0,1.003338898163606,1.0,1.0,False,222,2.0,2.0,2.0,1.0,0.824317748201505,0x1d28fab0,1104798341803687021527014929045735358447428791129848054571709493149696,5f8338fe597cec9872e8683c8a2a21ea2dc474621b5e0582559af094c41d1dfb
10,1/4,1,4,fixed_x1,1,600,100,100,STABLE,2000,600.0,600.0,0.0,600.0,600.0,600.0,600.0,1.0,0.0,0.0,False,0,0.0,0.0,0.0,1.0,0.0,0x1e0fffff,110427836236357352041769395878404723568785424659630784333489133269811200,125ef3a29d78a7dce88cafdc29478749736f5c115d90cf45d4646d45ffcd8b6f
10,1/4,1,4,fixed_x2,2,300,103,103,STABLE,2000,600.0,600.0,0.0,600.0,600.0,600.0,600.0,1.0,0.0,0.0,False,0,0.0,0.0,0.0,1.0,0.0,0x1e07fdf1,55158471196615180662088244097626909301776814062087003059669171905232896,a7731f85ef608811228645d056bfd665acad075eca576174acad465a59a82f0f
10,1/4,1,4,fixed_x5,5,120,115,115,STABLE,2000,600.0,600.0,0.0,600.0,600.0,600.0,600.0,1.0,0.0,0.0,False,0,0.0,0.0,0.0,1.0,0.0,0x1e03321f,22056501054770948624825253800040251674437069885595605311991636824162304,a0e7abc5c7de94117bebe36eb68bd9bff392dffc16a87ad136b56622520eecb4
10,1/4,1,4,fixed_x10,10,60,119,119,STABLE,2000,600.0,600.0,0.0,600.0,600.0,600.0,600.0,1.0,0.0,0.0,False,0,0.0,0.0,0.0,1.0,0.0,0x1e019936,11032305050614713764100496744085947148862812403970723796779109384716288,47a7f60420ddc352682c740d46a2795370780a626a1328729295aaede6ad3bc5
10,1/4,1,4,fixed_x25,25,24,123,123,STABLE,2000,600.0,600.0,0.0,600.0,600.0,600.0,600.0,1.0,0.0,0.0,False,0,0.0,0.0,0.0,1.0,0.0,0x1e00a397,4410373462787506421722109081364434035083007700279596230219289428230144,d90d74c6410e91400f4f5b4a1bab02d81fe8def3c0756aeb24be032629d4811b
10,1/4,1,4,fixed_x50,50,12,127,127,STABLE,2000,600.0,600.0,0.0,600.0,600.0,600.0,600.0,1.0,0.0,0.0,False,0,0.0,0.0,0.0,1.0,0.0,0x1d51defb,2207238264200593424494111248510570394283591076080276780804274592415744,73353946fdb34aa3b6ec46878ac22d00a80c6419cbfd2a0571a4307b99cf9a73
10,1/4,1,4,fixed_x100,100,6,130,130,STABLE,2000,600.0,600.0,0.0,600.0,600.0,600.0,600.0,1.0,0.0,0.0,False,0,0.0,0.0,0.0,1.0,0.0,0x1d28e716,1102734056336527568547131520206217162238927948986410728633138663129088,7d24b32ec32bc2170dc59bbccd6d2c3243fdeb2f6d0a8760d9fad3beb12eecf2
10,1/8,1,8,fixed_x1,1,600,100,100,STABLE,2000,600.0,600.0,0.0,600.0,600.0,600.0,600.0,1.0,0.0,0.0,False,0,0.0,0.0,0.0,1.0,0.0,0x1e0fffff,110427836236357352041769395878404723568785424659630784333489133269811200,125ef3a29d78a7dce88cafdc29478749736f5c115d90cf45d4646d45ffcd8b6f
10,1/8,1,8,fixed_x2,2,300,102,102,STABLE,2000,600.0,600.0,0.0,600.0,600.0,600.0,600.0,1.0,0.0,0.0,False,0,0.0,0.0,0.0,1.0,0.0,0x1e07fdf4,55158787133490186333648337851709960313073770747373204707002934838165504,0aac679512d16de811dac6affa6cb8811765ac2463b23e891b262cdef838be2d
10,1/8,1,8,fixed_x5,5,120,109,109,STABLE,2000,600.0,600.0,0.0,600.0,600.0,600.0,600.0,1.0,0.0,0.0,False,0,0.0,0.0,0.0,1.0,0.0,0x1e033248,22060818858729359469479868439175282162162144584507027825553063574241280,9599da32ad331136a3828893a005dffe16c10a0939f0355da85ccee36d846fc8
10,1/8,1,8,fixed_x10,10,60,116,116,STABLE,2000,600.0,600.0,0.0,600.0,600.0,600.0,600.0,1.0,0.0,0.0,False,0,0.0,0.0,0.0,1.0,0.0,0x1e01991a,11029356306447994162872955039310804376757883341299508421663988677345280,8f7d9458d06450a890c73fdf038e5a9312ddfa1f1282158c077edc5fcb24db47
10,1/8,1,8,fixed_x25,25,24,126,126,STABLE,2000,600.0,600.0,0.0,600.0,600.0,600.0,600.0,1.0,0.0,0.0,False,0,0.0,0.0,0.0,1.0,0.0,0x1e00a3a3,4411637210287529107962484097696638080270834441424402819554341159960576,cfefa61d2c2514dd4b12f082406e76262fe4467d8f47dbd236e2077135fe04b2
10,1/8,1,8,fixed_x50,50,12,133,133,STABLE,2000,600.0,600.0,0.0,600.0,600.0,600.0,600.0,1.0,0.0,0.0,False,0,0.0,0.0,0.0,1.0,0.0,0x1d51d38b,2206033754864634301671253811068938413713943713426633000344303410610176,354ba531c1caa912eec72822088d83eced25af1ba536d94815f442cb10dc5895
10,1/8,1,8,fixed_x100,100,6,140,140,STABLE,2000,600.0,600.0,0.0,600.0,600.0,600.0,600.0,1.0,0.0,0.0,False,0,0.0,0.0,0.0,1.0,0.0,0x1d28ea2b,1103058632110459176438946587877476599626035793635906952261184176259072,2cd6c881ac513c73904c93598c997cac60389c26e62a0055c422a827a13a3511
10,1/16,1,16,fixed_x1,1,600,100,100,STABLE,2000,600.0,600.0,0.0,600.0,600.0,600.0,600.0,1.0,0.0,0.0,False,0,0.0,0.0,0.0,1.0,0.0,0x1e0fffff,110427836236357352041769395878404723568785424659630784333489133269811200,125ef3a29d78a7dce88cafdc29478749736f5c115d90cf45d4646d45ffcd8b6f
10,1/16,1,16,fixed_x2,2,300,118,118,STABLE,2000,600.0,600.0,0.0,600.0,600.0,600.0,600.0,1.0,0.0,0.0,False,0,0.0,0.0,0.0,1.0,0.0,0x1e07fee9,55184588644948982844389327768492459568991900045746339239260241027661824,38abf3dc56b33b779572deac2879ef7617a8d98131da2d914f08b5f94fafbc1a
10,1/16,1,16,fixed_x5,5,120,138,138,STABLE,2000,600.0,600.0,0.0,600.0,600.0,600.0,600.0,1.0,0.0,0.0,False,0,0.0,0.0,0.0,1.0,0.0,0x1e0332d4,22075562579562957475617576963050996022686789897863104701128667111096320,d2aa1a28c1ab97e3bd0e555cc5e103144ecea700e834a8fafafa5935a5ec4b57
10,1/16,1,16,fixed_x10,10,60,152,152,STABLE,2000,600.0,600.0,0.0,600.0,600.0,600.0,600.0,1.0,0.0,0.0,False,0,0.0,0.0,0.0,1.0,0.0,0x1e019966,11037360040614804509061996809414763329614119368549950154119316311638016,7c398722887e9a65d238213656176db0b9541668b819f552a16c0ab4917272ef
10,1/16,1,16,fixed_x25,25,24,171,171,STABLE,2000,600.0,600.0,0.0,600.0,600.0,600.0,600.0,1.0,0.0,0.0,False,0,0.0,0.0,0.0,1.0,0.0,0x1e00a3c3,4415007203620922937936817474582515534105039084477220391114479111241728,4dfebd9226db447de41f8e37752c39a9b79b0e1177f08c9ba5152f3d4a8393f8
10,1/16,1,16,fixed_x50,50,12,186,186,STABLE,2000,600.0,600.0,0.0,600.0,600.0,600.0,600.0,1.0,0.0,0.0,False,0,0.0,0.0,0.0,1.0,0.0,0x1d51e0e5,2207439838508865272234275232235433669720451461223816894337534797021184,74a37ab201467c4a492ef1dd4827694c34c0a7734d9c8b904fc36f530557c9fc
10,1/16,1,16,fixed_x100,100,6,200,200,STABLE,2000,600.0,600.0,0.0,600.0,600.0,600.0,600.0,1.0,0.0,0.0,False,0,0.0,0.0,0.0,1.0,0.0,0x1d28f0b2,1103746041639280110263056826253489932799492331543775380249098057678848,507767b86bf5d2889b827095b15774ad6d635e96698ad16f142f5313b965c1da
10,1/32,1,32,fixed_x1,1,600,100,100,STABLE,2000,600.0,600.0,0.0,600.0,600.0,600.0,600.0,1.0,0.0,0.0,False,0,0.0,0.0,0.0,1.0,0.0,0x1e0fffff,110427836236357352041769395878404723568785424659630784333489133269811200,125ef3a29d78a7dce88cafdc29478749736f5c115d90cf45d4646d45ffcd8b6f
10,1/32,1,32,fixed_x2,2,300,153,153,STABLE,2000,600.0,600.0,0.0,600.0,600.0,600.0,600.0,1.0,0.0,0.0,False,0,0.0,0.0,0.0,1.0,0.0,0x1e07ff86,55201122674740946322700900898838795826865966575724225449727167851134976,2a3ab4bb0e51f603461278dcf32062dc76429db9de0c564e9463ea0a1e727a8f
10,1/32,1,32,fixed_x5,5,120,195,195,STABLE,2000,600.0,600.0,0.0,600.0,600.0,600.0,600.0,1.0,0.0,0.0,False,0,0.0,0.0,0.0,1.0,0.0,0x1e033303,22080512257271379663392379110352128533005777967346930509357619727040512,ccd1f253f81cbc681d8c0696eadc51f93569f7fcc17c0d7c926da72fb40ccdb3
10,1/32,1,32,fixed_x10,10,60,224,224,STABLE,2000,600.0,600.0,0.0,600.0,600.0,600.0,600.0,1.0,0.0,0.0,False,0,0.0,0.0,0.0,1.0,0.0,0x1e01997a,11039466286448175652795955169968436738260497270457961136344402531188736,6d26dc408f067aabe354536b6e941db8041690b0eab8d4be933f775f3994cccd
10,1/32,1,32,fixed_x25,25,24,263,263,STABLE,2000,600.0,600.0,0.0,600.0,600.0,600.0,600.0,1.0,0.0,0.0,False,0,0.0,0.0,0.0,1.0,0.0,0x1e00a3c9,4415639077370934281057004982748617556698952455049623685782004977106944,84e92db641289105e92f571979c64c87ef137da6cb8388af77a83b29caad6eb9
10,1/32,1,32,fixed_x50,50,12,292,292,STABLE,2000,600.0,600.0,0.0,600.0,600.0,600.0,600.0,1.0,0.0,0.0,False,0,0.0,0.0,0.0,1.0,0.0,0x1d51e703,2208084053543056524399778902670404872443152202315212440854035777454080,c9dcc4759716d52e70fdd4f5c5b982aef1b04371a57a1da6eb1b6844b3f29365
10,1/32,1,32,fixed_x100,100,6,321,321,STABLE,2000,600.0,600.0,0.0,600.0,600.0,600.0,600.0,1.0,0.0,0.0,False,0,0.0,0.0,0.0,1.0,0.0,0x1d28f329,1104005619983197530516206772642038354841653358126579077472541300752384,466af0d634fed7a4f4ff7d7b9e220acab882e1e79a6d926d428d17f606411b5e
10,1/64,1,64,fixed_x1,1,600,100,100,STABLE,2000,600.0,600.0,0.0,600.0,600.0,600.0,600.0,1.0,0.0,0.0,False,0,0.0,0.0,0.0,1.0,0.0,0x1e0fffff,110427836236357352041769395878404723568785424659630784333489133269811200,125ef3a29d78a7dce88cafdc29478749736f5c115d90cf45d4646d45ffcd8b6f
10,1/64,1,64,fixed_x2,2,300,235,235,STABLE,2000,600.0,600.0,0.0,600.0,600.0,600.0,600.0,1.0,0.0,0.0,False,0,0.0,0.0,0.0,1.0,0.0,0x1e07ffb7,55206282977032705624849098882195295678049592435398852356178629089034240,76a7776bb6170adb02df764283253031eefd2c9c46adbdf81c5f518e03436553
10,1/64,1,64,fixed_x5,5,120,321,321,STABLE,2000,600.0,600.0,0.0,600.0,600.0,600.0,600.0,1.0,0.0,0.0,False,0,0.0,0.0,0.0,1.0,0.0,0x1e033314,22082302566229745135566243716822750930355199183968739844248943013658624,479c208b4125e943bb537f3819396be8cb6bddcb6e81c03bd1fd7b47ac0d3bc1
10,1/64,1,64,fixed_x10,10,60,380,380,STABLE,2000,600.0,600.0,0.0,600.0,600.0,600.0,600.0,1.0,0.0,0.0,False,0,0.0,0.0,0.0,1.0,0.0,0x1e019989,11041045970823204010596423940383691794745280696888969373013217195851776,d4d500049f5922ab6410ed2d4aaf13a7acb00c9e851cc6154c07b00a9ef2f74c
10,1/64,1,64,fixed_x25,25,24,457,457,STABLE,2000,600.0,600.0,0.0,600.0,600.0,600.0,600.0,1.0,0.0,0.0,False,0,0.0,0.0,0.0,1.0,0.0,0x1e00a3ce,4416165638829277066990494572887035908860546930526626431338276531994624,c5df6b06c0850038232310ecfacd960a43a97172974b409d97aa22e351e9f8b6
10,1/64,1,64,fixed_x50,50,12,517,517,STABLE,2000,600.0,600.0,0.0,600.0,600.0,600.0,600.0,1.0,0.0,0.0,False,0,0.0,0.0,0.0,1.0,0.0,0x1d51e93c,2208318126566335465959275447036623655552485996492098817589597117087744,3327ce1fc8d3b15430f1bc9d8fab553d894d8288a41964f99fa7e4374bb011dc
10,1/64,1,64,fixed_x100,100,6,576,576,STABLE,2000,600.0,600.0,0.0,600.0,600.0,600.0,600.0,1.0,0.0,0.0,False,0,0.0,0.0,0.0,1.0,0.0,0x1d28f492,1104154126769495769361511258610764155724728050038452508055208512716800,07336fe7b57ca032292fc608dd39951b1396af270f54be5e38707037d76412e6
20,1/2,1,2,fixed_x1,1,600,100,100,STABLE,2000,600.0,600.0,0.0,600.0,600.0,600.0,600.0,1.0,0.0,0.0,False,0,0.0,0.0,0.0,1.0,0.0,0x1e0fffff,110427836236357352041769395878404723568785424659630784333489133269811200,125ef3a29d78a7dce88cafdc29478749736f5c115d90cf45d4646d45ffcd8b6f
20,1/2,1,2,fixed_x2,2,300,,,MARGINAL,2000,672.3275,464.0,419.16520161357624,300.0,1457.0,300.0,1482.0,4.8566666666666665,882.0,300.0,True,128,1182.0,1182.0,1182.0,1.0,419.16520161357624,0x1e0be7e4,82170968697308430492917520280460691521141087137232449547288683332239360,0d6a8494083b72cfe0c7d32f9333a4e8dbb3fd91393c29eaaacebf2d8ea341de
20,1/2,1,2,fixed_x5,5,120,,,UNSTABLE,2000,741.7875,299.0,791.3171888337508,120.0,2413.0,120.0,2492.0,20.108333333333334,1892.0,480.0,True,129,2372.0,2372.0,2372.0,1.0,791.3171888337508,0x1e00e94d,6289776619904577975533154203407216570246009572797795669663723133337600,0e6a003005d5d00225aad5848fbca1e7169c6cfd1d40d9dda819e7830ae1090b
20,1/2,1,2,fixed_x10,10,60,,,UNSTABLE,2000,754.2625,232.5,930.6353993878322,60.0,2813.1499999999996,60.0,2927.0,46.88583333333333,2327.0,540.0,True,126,2867.0,2867.0,2867.0,1.0,930.6353993878322,0x1e0f3059,104829645435840189111281469362796170727577599178328394677432470325952512,bd7146a90b645117b81ee06b63860974999be9ad12253016e2a4a0d1d4f65171
20,1/2,1,2,fixed_x25,25,24,,,UNSTABLE,2000,723.3365,179.0,977.0301271034327,24.0,2969.0499999999997,24.0,3130.0,123.71041666666666,2530.0,576.0,True,120,3106.0,3106.0,3105.0,0.9996780424983902,977.0301271034327,0x1d50d7a0,2179503696263083826955099781680861890859733308748989200602499624468480,d890b2e7f67641fb35da9b8495b1c690c8ba9ff6831312717252a0f9465c527e
20,1/2,1,2,fixed_x50,50,12,,,UNSTABLE,2000,697.4585,151.0,983.9383462787442,12.0,3013.0,12.0,3187.0,251.08333333333334,2587.0,588.0,True,115,3175.0,3175.0,3175.0,1.0,983.9383462787442,0x1d3df6e4,1670557364206421404146778588361786166421098019187851116768091596390400,2996874bd39d1b5551f987aa466e86d287ad728b111faf469079490c588253a8
20,1/2,1,2,fixed_x100,100,6,,,UNSTABLE,2000,673.1995,127.0,981.1980532490625,6.0,3024.0,6.0,3210.0,504.0,2610.0,594.0,True,110,3204.0,3204.0,3204.0,1.0,981.1980532490625,0x1e010cdc,7248434410963454046044302009411668515644911626228994229411715961847808,bb73069416e2309dae716060bb81c33fcf5d392dbca1318f38932ea7928a9b16
20,1/4,1,4,fixed_x1,1,600,100,100,STABLE,2000,600.0,600.0,0.0,600.0,600.0,600.0,600.0,1.0,0.0,0.0,False,0,0.0,0.0,0.0,1.0,0.0,0x1e0fffff,110427836236357352041769395878404723568785424659630784333489133269811200,125ef3a29d78a7dce88cafdc29478749736f5c115d90cf45d4646d45ffcd8b6f
20,1/4,1,4,fixed_x2,2,300,772,772,STABLE,2000,599.988,600.0,2.182625941383452,597.0,603.0,597.0,603.0,1.0100502512562815,3.0,3.0,False,105,6.0,6.0,6.0,1.0,2.182625941383452,0x1e07f5fa,54943739433902992558411189239179905290278586962565283421821631822036992,260e17f349508d86baa012a862aa1e38d68a92452ccd7e25958ee0c201edd483
20,1/4,1,4,fixed_x5,5,120,1100,1100,STABLE,2000,599.995,600.0,1.4666202644174804,598.0,602.0,598.0,602.0,1.0066889632107023,2.0,2.0,False,105,4.0,4.0,4.0,1.0,1.4666202644174804,0x1e033261,22063451666021073399147316389867373922970116961892041553334421348679680,43fd38445780c957ff004d99d16e179ecf72394f650cd99190af1606fb460f4c
20,1/4,1,4,fixed_x10,10,60,1165,1165,STABLE,2000,600.0105,600.0,1.4897616420085462,598.0,602.0,598.0,602.0,1.0066889632107023,2.0,2.0,False,105,4.0,4.0,4.0,1.0,1.4897616420085462,0x1e019a7a,11066426233115326292590622185055456368934134414880501708825506141437952,23dace5013d0f4b92251e6d999e932922207c8cd52424ca574969481f1af3bef
20,1/4,1,4,fixed_x25,25,24,1205,1205,STABLE,2000,600.0405,600.0,1.4972841246737374,598.0,602.0,598.0,602.0,1.0066889632107023,2.0,2.0,False,105,4.0,4.0,4.0,1.0,1.4972841246737374,0x1e00a42f,4426380931121127114100192621572351940795479754780479695129944696815616,1f4e501b42c682e3d3562001d68b916de5a299ceabdb8ca74001b658c2fd34c5
20,1/4,1,4,fixed_x50,50,12,1207,1207,STABLE,2000,600.015,600.0,2.183294528917251,597.0,603.0,597.0,603.0,1.0100502512562815,3.0,3.0,False,105,6.0,6.0,6.0,1.0,2.183294528917251,0x1d522c63,2215390093777562679226946965840959508685275549558625535447303601520640,f6953354e18a42fc57544d6e66fc71ef107c013adcd029048837b52e653cb37b
20,1/4,1,4,fixed_x100,100,6,1195,1195,STABLE,2000,600.018,600.0,2.180292640908555,597.0,603.0,597.0,603.0,1.0100502512562815,3.0,3.0,False,106,6.0,6.0,6.0,1.0,2.180292640908555,0x1d2903d3,1105760550593580596760165047275235769155217445927277290396802592276480,b579327d464f1c059a9f280815869e9323485a5c24d49e3a1f8ce9aa316d3e78
20,1/8,1,8,fixed_x1,1,600,100,100,STABLE,2000,600.0,600.0,0.0,600.0,600.0,600.0,600.0,1.0,0.0,0.0,False,0,0.0,0.0,0.0,1.0,0.0,0x1e0fffff,110427836236357352041769395878404723568785424659630784333489133269811200,125ef3a29d78a7dce88cafdc29478749736f5c115d90cf45d4646d45ffcd8b6f
20,1/8,1,8,fixed_x2,2,300,123,123,STABLE,2000,600.0,600.0,0.0,600.0,600.0,600.0,600.0,1.0,0.0,0.0,False,0,0.0,0.0,0.0,1.0,0.0,0x1e07fd8c,55147834655156656386231754376830858588112605657451547599432486496501760,f727129705f0c6e8693394c6d4279dd1ef79ee98870aa241988c6f33df01e6b0
20,1/8,1,8,fixed_x5,5,120,151,151,STABLE,2000,600.0,600.0,0.0,600.0,600.0,600.0,600.0,1.0,0.0,0.0,False,0,0.0,0.0,0.0,1.0,0.0,0x1e0332eb,22077984762271334290911629077687720442630124485057317330687516263579648,e94c709ed91808aab1217bb82360661704f7f82c6cca9da9d87eadf174fef8b7
20,1/8,1,8,fixed_x10,10,60,157,157,STABLE,2000,600.0,600.0,0.0,600.0,600.0,600.0,600.0,1.0,0.0,0.0,False,0,0.0,0.0,0.0,1.0,0.0,0x1e019963,11037044103739798837501903055331712318317162683263748506785553378705408,2524d2e4781bd3c8ab59debbf71221b6090ddce8c863fbd4223cbeecd7363fe9
20,1/8,1,8,fixed_x25,25,24,167,167,STABLE,2000,600.0,600.0,0.0,600.0,600.0,600.0,600.0,1.0,0.0,0.0,False,0,0.0,0.0,0.0,1.0,0.0,0x1e00a3c7,4415428452787597166683609146693250215834314664858822587559496355151872,e27b7d12dbdc1a3445927a03a08873714121d9fb26df84ecbbfc8bca1df98a64
20,1/8,1,8,fixed_x50,50,12,174,174,STABLE,2000,600.0,600.0,0.0,600.0,600.0,600.0,600.0,1.0,0.0,0.0,False,0,0.0,0.0,0.0,1.0,0.0,0x1d51e78d,2208140823450284106008233249107203101035574106702576799359321304465408,be9773bca543c1d7b4ef2477ed7ae3f9fedebb2f2dc27ed6e23609ea35c9f17c
20,1/8,1,8,fixed_x100,100,6,181,181,STABLE,2000,600.0,600.0,0.0,600.0,600.0,600.0,600.0,1.0,0.0,0.0,False,0,0.0,0.0,0.0,1.0,0.0,0x1d28f0c8,1103755091914345376896288678583993998227269736591036364938346475028480,d40438d59252b3d7c24939e4d416abe76e8bbc674c65e91a1f4eeb579455adaf
20,1/16,1,16,fixed_x1,1,600,100,100,STABLE,2000,600.0,600.0,0.0,600.0,600.0,600.0,600.0,1.0,0.0,0.0,False,0,0.0,0.0,0.0,1.0,0.0,0x1e0fffff,110427836236357352041769395878404723568785424659630784333489133269811200,125ef3a29d78a7dce88cafdc29478749736f5c115d90cf45d4646d45ffcd8b6f
20,1/16,1,16,fixed_x2,2,300,114,114,STABLE,2000,600.0,600.0,0.0,600.0,600.0,600.0,600.0,1.0,0.0,0.0,False,0,0.0,0.0,0.0,1.0,0.0,0x1e07fce8,55130563439323013007613295820290736637212306861805857545186779496185856,bb307efd8ee507a55841c37521f1e350baa8a7fca064937b390588b41770007c
20,1/16,1,16,fixed_x5,5,120,129,129,STABLE,2000,600.0,600.0,0.0,600.0,600.0,600.0,600.0,1.0,0.0,0.0,False,0,0.0,0.0,0.0,1.0,0.0,0x1e0331e0,22049866380395829522063284964296180437200979494585370717982615232577536,d85836fc8ef22b1247b9b1fc219666eaa28a0906bb0f81a8b8f1b412d1d480cb
20,1/16,1,16,fixed_x10,10,60,143,143,STABLE,2000,600.0,600.0,0.0,600.0,600.0,600.0,600.0,1.0,0.0,0.0,False,0,0.0,0.0,0.0,1.0,0.0,0x1e0198f4,11025354439364588989778434154258824900329765327674287555436324860198912,1942313e7f60002f4e32cb0eba483b88e06d4b3604b3fec3d6730f2a54de8d3c
20,1/16,1,16,fixed_x25,25,24,162,162,STABLE,2000,600.0,600.0,0.0,600.0,600.0,600.0,600.0,1.0,0.0,0.0,False,0,0.0,0.0,0.0,1.0,0.0,0x1e00a3a0,4411321273412523436402390343613587068973877756138201172220578227027968,4c993aefca1a05c60b70e03ed7ea1e8b59cbf1f585a71e7a443e5929404c3b85
20,1/16,1,16,fixed_x50,50,12,177,177,STABLE,2000,600.0,600.0,0.0,600.0,600.0,600.0,600.0,1.0,0.0,0.0,False,0,0.0,0.0,0.0,1.0,0.0,0x1d51cb46,2205162871577672053373443293629069935959181600469746428201626159284224,3202c6f374bc12eaf893b500e696df9a5806a3d7584184cd6508d1fac6532635
20,1/16,1,16,fixed_x100,100,6,191,191,STABLE,2000,600.0,600.0,0.0,600.0,600.0,600.0,600.0,1.0,0.0,0.0,False,0,0.0,0.0,0.0,1.0,0.0,0x1d28e5dc,1102604884228777853872822355125386410224286804220958492613865797320704,d765e6b66742ca2531a8d46260e6f7a2610ea1f2211a1796e88d45fec79e5e46
20,1/32,1,32,fixed_x1,1,600,100,100,STABLE,2000,600.0,600.0,0.0,600.0,600.0,600.0,600.0,1.0,0.0,0.0,False,0,0.0,0.0,0.0,1.0,0.0,0x1e0fffff,110427836236357352041769395878404723568785424659630784333489133269811200,125ef3a29d78a7dce88cafdc29478749736f5c115d90cf45d4646d45ffcd8b6f
20,1/32,1,32,fixed_x2,2,300,145,145,STABLE,2000,600.0,600.0,0.0,600.0,600.0,600.0,600.0,1.0,0.0,0.0,False,0,0.0,0.0,0.0,1.0,0.0,0x1e07fefb,55186484266199016873749890292990765636773640157463549123262818625257472,b42fd0ef693466ddc7c097e8e41518e71bcee646c17ba86288eb0473f17182d9
20,1/32,1,32,fixed_x5,5,120,184,184,STABLE,2000,600.0,600.0,0.0,600.0,600.0,600.0,600.0,1.0,0.0,0.0,False,0,0.0,0.0,0.0,1.0,0.0,0x1e0332c7,22074193519771266232190504028691108307066644261622897562682361068388352,abab2bb583b73bc539c6797ee5d0ba317cd963569528c318af3bac3609dd968b
20,1/32,1,32,fixed_x10,10,60,214,214,STABLE,2000,600.0,600.0,0.0,600.0,600.0,600.0,600.0,1.0,0.0,0.0,False,0,0.0,0.0,0.0,1.0,0.0,0x1e019959,11035990980823113265634923875054875613993973732309743015673010268930048,c3810df1847af14fa98673ee28fafd6126278d1d250e1d3294d9c4bdc082d897
20,1/32,1,32,fixed_x25,25,24,252,252,STABLE,2000,600.0,600.0,0.0,600.0,600.0,600.0,600.0,1.0,0.0,0.0,False,0,0.0,0.0,0.0,1.0,0.0,0x1e00a3b9,4413954080704237366069838294305678829781850133523214900001936001466368,7972c02f18e5ab7a138d79d78d5aa5c88651691f9e0c62e3f0067c1907230546
20,1/32,1,32,fixed_x50,50,12,281,281,STABLE,2000,600.0,600.0,0.0,600.0,600.0,600.0,600.0,1.0,0.0,0.0,False,0,0.0,0.0,0.0,1.0,0.0,0x1d51e093,2207406105665440187510411055367191244035099315138571405950336150536192,f029fa3e8850f8997f41c167a179e01039758f59d5adadccc932ac9e03a9c73f
20,1/32,1,32,fixed_x100,100,6,311,311,STABLE,2000,600.0,600.0,0.0,600.0,600.0,600.0,600.0,1.0,0.0,0.0,False,0,0.0,0.0,0.0,1.0,0.0,0x1d28f09d,1103737402740354173931335512665281506709341172180480803954815477481472,7469f2c3dad2d2ee5b697c44c1fab72837146a572702d6db40a983d283482082
20,1/64,1,64,fixed_x1,1,600,100,100,STABLE,2000,600.0,600.0,0.0,600.0,600.0,600.0,600.0,1.0,0.0,0.0,False,0,0.0,0.0,0.0,1.0,0.0,0x1e0fffff,110427836236357352041769395878404723568785424659630784333489133269811200,125ef3a29d78a7dce88cafdc29478749736f5c115d90cf45d4646d45ffcd8b6f
20,1/64,1,64,fixed_x2,2,300,223,223,STABLE,2000,600.0,600.0,0.0,600.0,600.0,600.0,600.0,1.0,0.0,0.0,False,0,0.0,0.0,0.0,1.0,0.0,0x1e07ff76,55199437678074249407713734210395857099948864254197816663947098875494400,e0f516ab13c8ebf4fdaf3716ee4254c570452857266ced44f5297202ed79d5f8
20,1/64,1,64,fixed_x5,5,120,307,307,STABLE,2000,600.0,600.0,0.0,600.0,600.0,600.0,600.0,1.0,0.0,0.0,False,0,0.0,0.0,0.0,1.0,0.0,0x1e0332f5,22079037885188019862778608257964557146953313436011322821800059373355008,acd05571497f06d7e2f121cf0dd0fd575c20914beb856565c5f57eb5651fd4d3
20,1/64,1,64,fixed_x10,10,60,366,366,STABLE,2000,600.0,600.0,0.0,600.0,600.0,600.0,600.0,1.0,0.0,0.0,False,0,0.0,0.0,0.0,1.0,0.0,0x1e019975,11038939724989832866862465579830018386098902794980958390788130976301056,dfcc406c2a8681fda2b0f54c60a96ebfc29501f62c7cc23e7ea57a4d7ce282cc
20,1/64,1,64,fixed_x25,25,24,443,443,STABLE,2000,600.0,600.0,0.0,600.0,600.0,600.0,600.0,1.0,0.0,0.0,False,0,0.0,0.0,0.0,1.0,0.0,0x1e00a3c3,4415007203620922937936817474582515534105039084477220391114479111241728,349e75856dcc7c8479b738b8b08a1bf7cc9cdb7c97bd77ebee71db49b0044e40
20,1/64,1,64,fixed_x50,50,12,503,503,STABLE,2000,600.0,600.0,0.0,600.0,600.0,600.0,600.0,1.0,0.0,0.0,False,0,0.0,0.0,0.0,1.0,0.0,0x1d51e644,2208005480700444436811266002891937758956539276677628437415560881373184,4c02e0cf4a901cce474cbff87e03347876b712eec4c9eaa3f130dceeabedf728
20,1/64,1,64,fixed_x100,100,6,562,562,STABLE,2000,600.0,600.0,0.0,600.0,600.0,600.0,600.0,1.0,0.0,0.0,False,0,0.0,0.0,0.0,1.0,0.0,0x1d28f310,1103995335579714272978443304084647371400997216027418867598395371945984,7b5d1315f106618590235ffd6e72f081685c156292bae8db7d68bcf4082b48ba
30,1/2,1,2,fixed_x1,1,600,100,100,STABLE,2000,600.0,600.0,0.0,600.0,600.0,600.0,600.0,1.0,0.0,0.0,False,0,0.0,0.0,0.0,1.0,0.0,0x1e0fffff,110427836236357352041769395878404723568785424659630784333489133269811200,125ef3a29d78a7dce88cafdc29478749736f5c115d90cf45d4646d45ffcd8b6f
30,1/2,1,2,fixed_x2,2,300,,,UNSTABLE,2000,718.2825,361.5,560.5511481513083,300.0,1899.05,300.0,1951.0,6.330166666666667,1351.0,300.0,True,94,1651.0,1651.0,1651.0,1.0,560.5511481513083,0x1e0fd6e2,109319424366545787651773808637034092268629053780540004937537510231244800,0cff91cea077b53d1c5ed05c4a0cf3f19ae6856c8ad67617fc3f9b0038f8a9fa
30,1/2,1,2,fixed_x5,5,120,,,UNSTABLE,2000,820.5715,165.0,1089.0962638296717,120.0,3427.2,120.0,3630.0,28.56,3030.0,480.0,True,95,3510.0,3510.0,3509.0,0.9997150997150998,1089.0962638296717,0x1e009a13,4153832720282901114925980765927012861954179247883858595203787886952448,b17b0f46bea155681da42e7c1903c6a45e81a4183e672051af8b8d3550a2212f
30,1/2,1,2,fixed_x10,10,60,,,UNSTABLE,2000,847.6,107.5,1289.42392485947,60.0,4054.2999999999997,60.0,4354.0,67.57166666666666,3754.0,540.0,True,93,4294.0,4294.0,4294.0,1.0,1289.42392485947,0x1d4983b8,1981947710120214471946058491561391503932516006192752869368592322265088,230799c63b6cc778bcf7e870f70a0e8f7062169ff93d5e4dbe4b83b0f5f273df
30,1/2,1,2,fixed_x25,25,24,,,UNSTABLE,2000,832.525,79.0,1366.5986233620317,24.0,4332.25,24.0,4716.0,180.51041666666666,4116.0,576.0,True,90,4692.0,4691.0,4692.0,1.0002131741632914,1366.5986233620317,0x1e0871ec,58285298448546312092336128257582768107757128339624706721920919139254272,533dbd51ba4ea35da227b97a1b18639c19e73d1727e7f4717adbf506871f59e2
30,1/2,1,2,fixed_x50,50,12,,,UNSTABLE,2000,818.4045,69.0,1383.8353539636678,12.0,4412.05,12.0,4831.0,367.67083333333335,4231.0,588.0,True,88,4819.0,4819.0,4816.0,0.9993774642041917,1383.8353539636678,0x1e0e741a,99754540788040749727122101690692408923697725635880532456975970007515136,5370579091f57a95fdb858b179d750c909bbe4c2213ce85c84d4d72247df20bc
30,1/2,1,2,fixed_x100,100,6,,,UNSTABLE,2000,783.363,53.0,1374.4486128011479,6.0,4410.249999999999,6.0,4879.0,735.0416666666665,4279.0,594.0,True,84,4873.0,4873.0,4873.0,1.0,1374.4486128011479,0x1e0be957,82210039557517465209182447868731333251531397217626053267564032704905216,61c5d5e6087848e8b68dc391b4f2105fc8558fa7f36289d96597a10b17215eec
30,1/4,1,4,fixed_x1,1,600,100,100,STABLE,2000,600.0,600.0,0.0,600.0,600.0,600.0,600.0,1.0,0.0,0.0,False,0,0.0,0.0,0.0,1.0,0.0,0x1e0fffff,110427836236357352041769395878404723568785424659630784333489133269811200,125ef3a29d78a7dce88cafdc29478749736f5c115d90cf45d4646d45ffcd8b6f
30,1/4,1,4,fixed_x2,2,300,,,MARGINAL,2000,639.32,522.0,331.31560422050757,302.0,1212.05,301.0,1226.0,4.01341059602649,626.0,299.0,True,78,925.0,925.0,925.0,1.0,331.31560422050757,0x1e0fd2ed,109212743015085539221648817674990534120690013048899248687836893211000832,1e3cf660161119308b26ec4db760d8aab0d56d6f38bf6a4a6fa04b1ce9f3c405
30,1/4,1,4,fixed_x5,5,120,,,UNSTABLE,2000,660.9455,381.0,595.0241646603523,122.0,1812.0,121.0,1851.0,14.852459016393443,1251.0,479.0,True,76,1730.0,1730.0,1730.0,1.0,595.0241646603523,0x1e0fa36d,107932145548395883831402134458357101663692248688828571494984471724163072,9d225c6b8ff2fc311aa41311fb981e600f9d664f92113eab9aafcda563c55c52
30,1/4,1,4,fixed_x10,10,60,,,UNSTABLE,2000,657.1625,313.0,685.720685916467,62.0,2043.0,61.0,2097.0,32.95161290322581,1497.0,539.0,True,74,2036.0,2036.0,2036.0,1.0,685.720685916467,0x1e097fe0,65563220301176962150655847314745864344451330592565854702483842174812160,abcfe6835c7833a7505ee3aad1d208193160ec9e2a52292c0b65e2ec76b12df5
30,1/4,1,4,fixed_x25,25,24,,,UNSTABLE,2000,625.7605,256.5,711.7681596838609,30.0,2114.05,29.0,2185.0,70.46833333333333,1585.0,571.0,True,70,2156.0,2156.0,2156.0,1.0,711.7681596838609,0x1e080099,55230083554949799549042828356451805195753662726959376455322103369957376,14da6e296ede7020feb20ec09a4427039bd7840f5b6b62f66cc647dd82633ee0
30,1/4,1,4,fixed_x50,50,12,,,UNSTABLE,2000,626.463,258.0,711.2758091141579,30.0,2115.0,29.0,2184.0,70.5,1584.0,571.0,True,70,2155.0,2155.0,2155.0,1.0,711.2758091141579,0x1e066684,44174293863292997532308695892192399540483736716714330206733282637250560,e845a8a42e647b015a564eb0ffcc635f1589cf91e3b2b727dc42e2c22bf7f045
30,1/4,1,4,fixed_x100,100,6,,,UNSTABLE,2000,626.6625,259.0,711.1722552193315,30.0,2116.0,29.0,2185.0,70.53333333333333,1585.0,571.0,True,70,2156.0,2155.0,2156.0,1.0004640371229698,711.1722552193315,0x1e0297bf,17894559288029568606523533345981596189194335715365904435221266991939584,463816b9fbfb6e11586e1c996656218bed78b2811225def95d8ce4067752d9b3
30,1/8,1,8,fixed_x1,1,600,100,100,STABLE,2000,600.0,600.0,0.0,600.0,600.0,600.0,600.0,1.0,0.0,0.0,False,0,0.0,0.0,0.0,1.0,0.0,0x1e0fffff,110427836236357352041769395878404723568785424659630784333489133269811200,125ef3a29d78a7dce88cafdc29478749736f5c115d90cf45d4646d45ffcd8b6f
30,1/8,1,8,fixed_x2,2,300,223,223,STABLE,2000,600.0,600.0,0.0,600.0,600.0,600.0,600.0,1.0,0.0,0.0,False,0,0.0,0.0,0.0,1.0,0.0,0x1e07ff8e,55201965173074294780194484243060265190324517736487429842617202338955264,11763d30fe8f3e5ecfdf1cb6b434291a3ce8a72fed6972168375a994ba382468
30,1/8,1,8,fixed_x5,5,120,302,302,STABLE,2000,600.0,600.0,0.0,600.0,600.0,600.0,600.0,1.0,0.0,0.0,False,0,0.0,0.0,0.0,1.0,0.0,0x1e033213,22055237307270925938584878783708047629249243144450798722656585092431872,4113bd7830ea9eb5f52b591600b072c15cf0a4382aa49f677c39586dbdf2f2ea
30,1/8,1,8,fixed_x10,10,60,330,330,STABLE,2000,600.0,600.0,0.0,600.0,600.0,600.0,600.0,1.0,0.0,0.0,False,0,0.0,0.0,0.0,1.0,0.0,0x1e019907,11027355372906291576325694596784814638543824334486897988550156768772096,00f57e345463ab7fb9edc917f3f69f53e018d75c31f738fda233a3ab432d8a33
30,1/8,1,8,fixed_x25,25,24,344,344,STABLE,2000,600.0,600.0,0.0,600.0,600.0,600.0,600.0,1.0,0.0,0.0,False,0,0.0,0.0,0.0,1.0,0.0,0x1e00a3c1,4414796579037585823563421638527148193240401294286419292891970489286656,f3774538a14bbc9b3028522d6b2713b37b246d5e81db349e67cf09aeaaaac644
30,1/8,1,8,fixed_x50,50,12,353,353,STABLE,2000,600.0,600.0,0.0,600.0,600.0,600.0,600.0,1.0,0.0,0.0,False,0,0.0,0.0,0.0,1.0,0.0,0x1d51e722,2208096806203375763746605603681569691909565818518171101097976729174016,1ec93e6fbe847b4d15a0c7f688f4ac2909254175328374bdf7a0c5a51b17cf3e
30,1/8,1,8,fixed_x100,100,6,360,360,STABLE,2000,600.0,600.0,0.0,600.0,600.0,600.0,600.0,1.0,0.0,0.0,False,0,0.0,0.0,0.0,1.0,0.0,0x1d28e514,1102522609000911793570714606666258542699037667427676813620698366869504,1dc312bffc513445702a08b762f115cadfe4345a18ffd38b30858864bb92236f
30,1/16,1,16,fixed_x1,1,600,100,100,STABLE,2000,600.0,600.0,0.0,600.0,600.0,600.0,600.0,1.0,0.0,0.0,False,0,0.0,0.0,0.0,1.0,0.0,0x1e0fffff,110427836236357352041769395878404723568785424659630784333489133269811200,125ef3a29d78a7dce88cafdc29478749736f5c115d90cf45d4646d45ffcd8b6f
30,1/16,1,16,fixed_x2,2,300,144,144,STABLE,2000,600.0,600.0,0.0,600.0,600.0,600.0,600.0,1.0,0.0,0.0,False,0,0.0,0.0,0.0,1.0,0.0,0x1e07ff25,55190907382449096275591202850153479794931033751470372185935499686313984,6f2982b21fc84cafaf28bf1123e41f6da453992e9a78e38580e7aa8a1fda04c4
30,1/16,1,16,fixed_x5,5,120,160,160,STABLE,2000,600.0,600.0,0.0,600.0,600.0,600.0,600.0,1.0,0.0,0.0,False,0,0.0,0.0,0.0,1.0,0.0,0x1e0332ff,22080091008104705434645587438241393851276502386965328312912602483130368,5f666c5a86f928aa0c92205951b1e175c621d37d87e71ee658b4b88f4066e7ce
30,1/16,1,16,fixed_x10,10,60,174,174,STABLE,2000,600.0,600.0,0.0,600.0,600.0,600.0,600.0,1.0,0.0,0.0,False,0,0.0,0.0,0.0,1.0,0.0,0x1e019980,11040098160198186995916142678134538760854410641030364431011928397053952,37a0b7eb93394d9ef61b2125c34d166a15e0496fc2708324bce49a4e6fcaa307
30,1/16,1,16,fixed_x25,25,24,193,193,STABLE,2000,600.0,600.0,0.0,600.0,600.0,600.0,600.0,1.0,0.0,0.0,False,0,0.0,0.0,0.0,1.0,0.0,0x1e00a3c5,4415217828204260052310213310637882874969676874668021489336987733196800,6e76c3b2f874fe6cca998056afd74d82435e28f3bb22de0f4909cb7d29e2ba06
30,1/16,1,16,fixed_x50,50,12,207,207,STABLE,2000,600.0,600.0,0.0,600.0,600.0,600.0,600.0,1.0,0.0,0.0,False,0,0.0,0.0,0.0,1.0,0.0,0x1d51e7fa,2208185663449471108872881972017427788836834886254915314410597554061312,b471fc7c84d5323c1daed1137168df85c4eab5f5ec11ca0824badc220aa713ed
30,1/16,1,16,fixed_x100,100,6,222,222,STABLE,2000,600.0,600.0,0.0,600.0,600.0,600.0,600.0,1.0,0.0,0.0,False,0,0.0,0.0,0.0,1.0,0.0,0x1d28f49a,1104157417778610411773595568549129270425738015510183775214935209934848,173c1aa21ed1fbd39b40b3ee1d1e146bc9d020ac62fb7e5577bd3a306db23222
30,1/32,1,32,fixed_x1,1,600,100,100,STABLE,2000,600.0,600.0,0.0,600.0,600.0,600.0,600.0,1.0,0.0,0.0,False,0,0.0,0.0,0.0,1.0,0.0,0x1e0fffff,110427836236357352041769395878404723568785424659630784333489133269811200,125ef3a29d78a7dce88cafdc29478749736f5c115d90cf45d4646d45ffcd8b6f
30,1/32,1,32,fixed_x2,2,300,139,139,STABLE,2000,600.0,600.0,0.0,600.0,600.0,600.0,600.0,1.0,0.0,0.0,False,0,0.0,0.0,0.0,1.0,0.0,0x1e07fe8d,55174899914115475583213119309945561889218561696969488721024844417728512,6033e60926781bca47fbf2e01b1a0b707b106dc001c8af4982cb9c40d1ae0f63
30,1/32,1,32,fixed_x5,5,120,175,175,STABLE,2000,600.0,600.0,0.0,600.0,600.0,600.0,600.0,1.0,0.0,0.0,False,0,0.0,0.0,0.0,1.0,0.0,0x1e03329e,22069875715812855387535889389556077819341569562711475049120934318309376,21404f6592cc42318a476b5726dd02891d751b8056cfebc4d8acfa0446976f36
30,1/32,1,32,fixed_x10,10,60,204,204,STABLE,2000,600.0,600.0,0.0,600.0,600.0,600.0,600.0,1.0,0.0,0.0,False,0,0.0,0.0,0.0,1.0,0.0,0x1e019942,11033568798114736450340871760418151194050639145115530386114161116446720,febb13c30b7f08646b28f2fa66d7a9a88bb2bb5082800d8edab789d357cf0b9c
30,1/32,1,32,fixed_x25,25,24,242,242,STABLE,2000,600.0,600.0,0.0,600.0,600.0,600.0,600.0,1.0,0.0,0.0,False,0,0.0,0.0,0.0,1.0,0.0,0x1e00a3ab,4412479708620877565456067441918107443729385602187607212444375647780864,4686ddf43f0ef8ea01228d44890715e586e3f452233e91ebf8dbd072a24a7348
30,1/32,1,32,fixed_x50,50,12,272,272,STABLE,2000,600.0,600.0,0.0,600.0,600.0,600.0,600.0,1.0,0.0,0.0,False,0,0.0,0.0,0.0,1.0,0.0,0x1d51de2e,2207153932092030712684450806339964330070210710867163059836277976203264,e3e653bac9e023474e4a74f5a9f7fc3c154e3113b7d56ffbcac3e0495844a47d
30,1/32,1,32,fixed_x100,100,6,301,301,STABLE,2000,600.0,600.0,0.0,600.0,600.0,600.0,600.0,1.0,0.0,0.0,False,0,0.0,0.0,0.0,1.0,0.0,0x1d28eeb3,1103535828432082326191171528940418231272480787036940690421555272876032,bb02e979a5b41cbf6e833db57d1dcd8235c4eda919b56d54439e525674e05f89
30,1/64,1,64,fixed_x1,1,600,100,100,STABLE,2000,600.0,600.0,0.0,600.0,600.0,600.0,600.0,1.0,0.0,0.0,False,0,0.0,0.0,0.0,1.0,0.0,0x1e0fffff,110427836236357352041769395878404723568785424659630784333489133269811200,125ef3a29d78a7dce88cafdc29478749736f5c115d90cf45d4646d45ffcd8b6f
30,1/64,1,64,fixed_x2,2,300,211,211,STABLE,2000,600.0,600.0,0.0,600.0,600.0,600.0,600.0,1.0,0.0,0.0,False,0,0.0,0.0,0.0,1.0,0.0,0x1e07ff31,55192171129949118961831577866485683840118860492615178775270551418044416,fb18fc06a1fcd6ea787673bed235e8d84b995448e6056a87c89f3d704701f9bc
30,1/64,1,64,fixed_x5,5,120,293,293,STABLE,2000,600.0,600.0,0.0,600.0,600.0,600.0,600.0,1.0,0.0,0.0,False,0,0.0,0.0,0.0,1.0,0.0,0x1e0332d4,22075562579562957475617576963050996022686789897863104701128667111096320,d376ab42431afe9afa160c282e5583dfb37d4ddf12ddb27405155d42a1aefbcb
30,1/64,1,64,fixed_x10,10,60,352,352,STABLE,2000,600.0,600.0,0.0,600.0,600.0,600.0,600.0,1.0,0.0,0.0,False,0,0.0,0.0,0.0,1.0,0.0,0x1e019964,11037149416031467394688600973359395988749481578359149055896807689682944,19786f06416f8b6d89ed2f9865b433c322851d71f4b371e11cca43035ff30266
30,1/64,1,64,fixed_x25,25,24,429,429,STABLE,2000,600.0,600.0,0.0,600.0,600.0,600.0,600.0,1.0,0.0,0.0,False,0,0.0,0.0,0.0,1.0,0.0,0x1e00a3b9,4413954080704237366069838294305678829781850133523214900001936001466368,59bcdf64a2babc45095288261fb7d842a2a9fb0c787c3c4f27a68d10ca75aea9
30,1/64,1,64,fixed_x50,50,12,488,488,STABLE,2000,600.0,600.0,0.0,600.0,600.0,600.0,600.0,1.0,0.0,0.0,False,0,0.0,0.0,0.0,1.0,0.0,0x1d51e348,2207691189329996086457214403778069305010087574127292423661661297049600,2d5a4f25db6fac0cb9a6ae8260e9cf7d5a3fc7d110a8a3dd16d9b20640e8beac
30,1/64,1,64,fixed_x100,100,6,547,547,STABLE,2000,600.0,600.0,0.0,600.0,600.0,600.0,600.0,1.0,0.0,0.0,False,0,0.0,0.0,0.0,1.0,0.0,0x1d28f1d5,1103865752095825228002623600261520980048729825578000223184156668985344,c3093b6f4ec2beb8ae5a0ed13679ef6daa45f316894b593c43f94ea16a9870b9
40,1/2,1,2,fixed_x1,1,600,100,100,STABLE,2000,600.0,600.0,0.0,600.0,600.0,600.0,600.0,1.0,0.0,0.0,False,0,0.0,0.0,0.0,1.0,0.0,0x1e0fffff,110427836236357352041769395878404723568785424659630784333489133269811200,125ef3a29d78a7dce88cafdc29478749736f5c115d90cf45d4646d45ffcd8b6f
40,1/2,1,2,fixed_x2,2,300,,,UNSTABLE,2000,743.853,313.0,678.5669358221045,300.0,2308.1,300.0,2402.0,7.693666666666666,1802.0,300.0,True,74,2102.0,2101.0,2102.0,1.000475963826749,678.5669358221045,0x1e0202bb,13877105985457449048371356425904936537093125616025756939091811820896256,582cd101a1aa5b05e832f921bab0ab2af496916d300bc68f339c7082dd9edef4
40,1/2,1,2,fixed_x5,5,120,,,UNSTABLE,2000,870.611,126.0,1345.4820540159576,120.0,4366.0999999999985,120.0,4761.0,36.38416666666665,4161.0,480.0,True,75,4641.0,4640.0,4641.0,1.0002155172413794,1345.4820540159576,0x1d6d96b9,2954507135055479421402842015962383585735138457900790320197120036962304,67b131620e8ec9c7e8a0692b5ac67c77c91109d3d858dc8e191095b37584bcb9
40,1/2,1,2,fixed_x10,10,60,,,UNSTABLE,2000,920.4925,67.0,1601.1033945200884,60.0,5185.549999999999,60.0,5775.0,86.42583333333332,5175.0,540.0,True,75,5715.0,5706.0,5715.0,1.001577287066246,1601.1033945200884,0x1e0ff0c9,110017750172599990356767703078604510905335647158141046094264846323286016,e71ae460e205a9a2b5eebd6b779c2517c793ee9565b12a24ace1ebc47d29943f
40,1/2,1,2,fixed_x25,25,24,,,UNSTABLE,2000,893.814,35.0,1693.196093606408,24.0,5868.0,24.0,6296.0,244.5,5696.0,576.0,True,72,6272.0,6272.0,6272.0,1.0,1693.196093606408,0x1e0ffffe,110427730924065683484582697960377039898353105764535383784377878958833664,6085768174a502916ac815dfc69440b15f2c4b5d277d406101e2b42d0b701a7e
40,1/2,1,2,fixed_x50,50,12,,,UNSTABLE,2000,899.299,28.0,1729.8434005998924,12.0,5640.299999999999,12.0,6472.0,470.0249999999999,5872.0,588.0,True,72,6460.0,6456.0,6460.0,1.000619578686493,1729.8434005998924,0x1e0267ab,16598375602172966752645558261250980508213374881175945973903207480426496,e6719d77ccbda2e3d6c487a3cc464a078b4a73793e31e9a4433b1b9d316fcb37
40,1/2,1,2,fixed_x100,100,6,,,UNSTABLE,2000,852.4045,20.0,1710.1111282252243,6.0,5623.4,6.0,6547.0,937.2333333333332,5947.0,594.0,True,68,6541.0,6541.0,6539.0,0.9996942363552973,1710.1111282252243,0x1e025632,16127313721539510456545770923421922664450957119449289799262674477907968,6ec5fd7f532b5d8b9cee52e3325d42babd8220ad56ae275e31b4d342da97afc0
40,1/4,1,4,fixed_x1,1,600,100,100,STABLE,2000,600.0,600.0,0.0,600.0,600.0,600.0,600.0,1.0,0.0,0.0,False,0,0.0,0.0,0.0,1.0,0.0,0x1e0fffff,110427836236357352041769395878404723568785424659630784333489133269811200,125ef3a29d78a7dce88cafdc29478749736f5c115d90cf45d4646d45ffcd8b6f
40,1/4,1,4,fixed_x2,2,300,,,MARGINAL,2000,668.3105,464.5,412.32260317589913,300.0,1441.0,300.0,1464.0,4.803333333333334,864.0,300.0,True,63,1164.0,1164.0,1164.0,1.0,412.32260317589913,0x1e0efbd5,103413826986648106293314659398616905435482373515763412425729513543958528,fd0d6fcb712e092ec127989cb1bd1ac5de18ad7c3ba9c57e42b771085feb6a04
40,1/4,1,4,fixed_x5,5,120,,,UNSTABLE,2000,714.699,292.0,757.4889156938206,120.0,2314.05,120.0,2388.0,19.28375,1788.0,480.0,True,62,2268.0,2268.0,2268.0,1.0,757.4889156938206,0x1e0db37f,94561907622739200522607857499693670917349965166965657428359658638147584,11793ace21fff2fed8f21d1a549ad756801c37f695dde9af0bf3c149bb7d79e8
40,1/4,1,4,fixed_x10,10,60,,,UNSTABLE,2000,722.0685,229.0,878.624624517063,60.0,2651.25,60.0,2757.0,44.1875,2157.0,540.0,True,61,2697.0,2696.0,2697.0,1.0003709198813056,878.624624517063,0x1e0ab96c,74016427328828710412524331560858722605824402110177130764644875719671808,f50ed87e3335e9f050a2795aa984d7ae954136ada20bb50d564d2e8ff2674d70
40,1/4,1,4,fixed_x25,25,24,,,UNSTABLE,2000,674.441,167.0,910.8680719615767,24.0,2770.45,24.0,2917.0,115.43541666666665,2317.0,576.0,True,57,2893.0,2893.0,2893.0,1.0,910.8680719615767,0x1d423647,1785072551487936765936958819941204220776735310600922431803145507045376,ccd261ec185be1fc5a8df38d6789bc725aa104a640df2fe814b90fe01f43a35f
40,1/4,1,4,fixed_x50,50,12,,,UNSTABLE,2000,648.0235,137.0,915.7644369311083,12.0,2796.05,12.0,2958.0,233.0041666666667,2358.0,588.0,True,54,2946.0,2945.0,2946.0,1.000339558573854,915.7644369311083,0x1e06b47c,46276327204997398978799139724758461369568882820909290467369329748869120,96a09ae71b06522f212c2f9adf83aba87c817b24ba17c7cd36b5ebaf4e15bcb6
40,1/4,1,4,fixed_x100,100,6,,,UNSTABLE,2000,628.027,122.5,910.5807977719495,6.0,2796.7999999999993,6.0,2974.0,466.1333333333332,2374.0,594.0,True,53,2968.0,2968.0,2968.0,1.0,910.5807977719495,0x1d106bad,442698729955049997852672672771612432445656589294696566930958865924096,381b867b7878be5847a12f208a7174741181159aa2de246ce6b4785345e3c17f
40,1/8,1,8,fixed_x1,1,600,100,100,STABLE,2000,600.0,600.0,0.0,600.0,600.0,600.0,600.0,1.0,0.0,0.0,False,0,0.0,0.0,0.0,1.0,0.0,0x1e0fffff,110427836236357352041769395878404723568785424659630784333489133269811200,125ef3a29d78a7dce88cafdc29478749736f5c115d90cf45d4646d45ffcd8b6f
40,1/8,1,8,fixed_x2,2,300,3699,3699,STABLE,2000,600.245,600.0,13.705800779232128,580.0,620.0,577.0,623.0,1.0689655172413792,23.0,23.0,False,52,46.0,46.0,39.0,0.8478260869565217,13.705800779232128,0x1e080533,55354141434535359914972975793063168965025321149341223308379681701494784,6d6b29019a66f25c95a712bbf2f5eaccae594bce6d25d03bd3c594031fa14681
40,1/8,1,8,fixed_x5,5,120,4888,4888,STABLE,2000,600.1865,600.0,17.585611099703076,575.0,626.0,571.0,630.0,1.088695652173913,30.0,29.0,False,51,59.0,59.0,49.0,0.8305084745762712,17.585611099703076,0x1e031e4b,21521935862261352345146621891517940559986358381342418023264754302189568,47513f57c7214c5047a6081286c4ca2dce9df333843219b243959f55df19e527
40,1/8,1,8,fixed_x10,10,60,5172,5172,STABLE,2000,599.9905,600.0,18.61067999160697,573.0,627.0,568.0,633.0,1.094240837696335,33.0,32.0,False,51,65.0,65.0,51.0,0.7846153846153846,18.61067999160697,0x1e018b1c,10652127677691222320121012664147896888191601109574741505151046755811328,32e9f99d122316ea760dbff1e272e36f0a97b81e732b53f9a126a0eadc2715ff
40,1/8,1,8,fixed_x25,25,24,5219,5219,STABLE,2000,599.7955,599.0,19.073087839938243,573.0,628.0,568.0,633.0,1.0959860383944153,33.0,32.0,False,51,65.0,65.0,52.0,0.8,19.073087839938243,0x1e009fa1,4303586799035589434410420201293192216711648073543439431407418097008640,93bda67928062ceef651c702f1793eb046bf0d21dba7d9d6211fee0577f4e70e
40,1/8,1,8,fixed_x50,50,12,5189,5189,STABLE,2000,599.6825,599.0,18.815517365993422,573.0,627.0,568.0,632.0,1.094240837696335,32.0,32.0,False,51,64.0,64.0,52.0,0.8125,18.815517365993422,0x1d51312b,2188933671504952328481179371323802427266163122310968838404384665632768,6f88b409e09bf734cfe76840a3a29ba4562926b75b41a82f0a2f265ec7291cbc
40,1/8,1,8,fixed_x100,100,6,5153,5153,STABLE,2000,599.725,599.0,18.526423696979403,573.0,627.0,568.0,632.0,1.094240837696335,32.0,32.0,False,51,64.0,64.0,51.0,0.796875,18.526423696979403,0x1d2972c4,1117444044326700489960975867213688597078221116257242115821543553499136,346035fded887b665885a675f33f55271adec4dc2ec1eabd019bcec96d21edad
40,1/16,1,16,fixed_x1,1,600,100,100,STABLE,2000,600.0,600.0,0.0,600.0,600.0,600.0,600.0,1.0,0.0,0.0,False,0,0.0,0.0,0.0,1.0,0.0,0x1e0fffff,110427836236357352041769395878404723568785424659630784333489133269811200,125ef3a29d78a7dce88cafdc29478749736f5c115d90cf45d4646d45ffcd8b6f
40,1/16,1,16,fixed_x2,2,300,157,157,STABLE,2000,600.0,600.0,0.0,600.0,600.0,600.0,600.0,1.0,0.0,0.0,False,0,0.0,0.0,0.0,1.0,0.0,0x1e07fef0,55185325830990662744696213194686245262018132311414143083039021204504576,fc2c1e8c42a5425c6dc41da7c237a4683b2a05d853f40ee1a67968170b32bfe1
40,1/16,1,16,fixed_x5,5,120,214,214,STABLE,2000,600.0,600.0,0.0,600.0,600.0,600.0,600.0,1.0,0.0,0.0,False,0,0.0,0.0,0.0,1.0,0.0,0x1e0332fa,22079564446646362648712097848102975499114907911488325567356330928242688,84affee3f62ad88f64b8afc3a14c1be366fc064169551e07cef1df709ee35c38
40,1/16,1,16,fixed_x10,10,60,227,227,STABLE,2000,600.0,600.0,0.0,600.0,600.0,600.0,600.0,1.0,0.0,0.0,False,0,0.0,0.0,0.0,1.0,0.0,0x1e019999,11042730967489900925583590628826630521662383018415378158793286171492352,30a71250efff9f28bbe18dc4762d815f98902f6a9326df9be9cbedc0f385d4f2
40,1/16,1,16,fixed_x25,25,24,246,246,STABLE,2000,600.0,600.0,0.0,600.0,600.0,600.0,600.0,1.0,0.0,0.0,False,0,0.0,0.0,0.0,1.0,0.0,0x1e00a3d3,4416692200287619852923984163025454261022141406003629176894548086882304,05e89a0f77b116cbd453c291b89eda6cd12b038e25e9aa640364704185a07bc3
40,1/16,1,16,fixed_x50,50,12,261,261,STABLE,2000,600.0,600.0,0.0,600.0,600.0,600.0,600.0,1.0,0.0,0.0,False,0,0.0,0.0,0.0,1.0,0.0,0x1d51d9f1,2206707588980857335545516270949195648745734143763609951298344666005504,cdf681ba86b7ab84ce197e250633485a6e1d6d83ba105f8eaa964897123502e5
40,1/16,1,16,fixed_x100,100,6,275,275,STABLE,2000,600.0,600.0,0.0,600.0,600.0,600.0,600.0,1.0,0.0,0.0,False,0,0.0,0.0,0.0,1.0,0.0,0x1d28ecfd,1103355645683055654129555559814928201392185177459653813426518600187904,1e6fd2c4693a61dab2bb0ce623d2c41a011fe0b0f0baa7616f5b28920ecb9d00
40,1/32,1,32,fixed_x1,1,600,100,100,STABLE,2000,600.0,600.0,0.0,600.0,600.0,600.0,600.0,1.0,0.0,0.0,False,0,0.0,0.0,0.0,1.0,0.0,0x1e0fffff,110427836236357352041769395878404723568785424659630784333489133269811200,125ef3a29d78a7dce88cafdc29478749736f5c115d90cf45d4646d45ffcd8b6f
40,1/32,1,32,fixed_x2,2,300,137,137,STABLE,2000,600.0,600.0,0.0,600.0,600.0,600.0,600.0,1.0,0.0,0.0,False,0,0.0,0.0,0.0,1.0,0.0,0x1e07fcb0,55124665950989573805158212410740451093002448736463426794956538081443840,4f169c462b6b722be5262897c9dd3207ea64777fde7ddb5df75992b1d9762ef8
40,1/32,1,32,fixed_x5,5,120,168,168,STABLE,2000,600.0,600.0,0.0,600.0,600.0,600.0,600.0,1.0,0.0,0.0,False,0,0.0,0.0,0.0,1.0,0.0,0x1e03324e,22061450732479370812600055947341384184756057955079431120220589440106496,471c42334aa20eaa8bab0a857f57c175b23fa1d20c43fca978b3bca6c851d1c1
40,1/32,1,32,fixed_x10,10,60,197,197,STABLE,2000,600.0,600.0,0.0,600.0,600.0,600.0,600.0,1.0,0.0,0.0,False,0,0.0,0.0,0.0,1.0,0.0,0x1e019923,11030304117073011177553236301559957410648753397158113363665277476143104,7ecaf29caf694e8ddb08f093260f3015e3920d9308e015548b8adb3dc911f84a
40,1/32,1,32,fixed_x25,25,24,235,235,STABLE,2000,600.0,600.0,0.0,600.0,600.0,600.0,600.0,1.0,0.0,0.0,False,0,0.0,0.0,0.0,1.0,0.0,0x1e00a3a7,4412058459454203336709275769807372762000110021806005015999358403870720,702153a598777660a797329e385953e8ad17e5e3aff17f00715fefcd14df1d06
40,1/32,1,32,fixed_x50,50,12,264,264,STABLE,2000,600.0,600.0,0.0,600.0,600.0,600.0,600.0,1.0,0.0,0.0,False,0,0.0,0.0,0.0,1.0,0.0,0x1d51d3af,2206048564405650192525633205791581429868488558049423702563073548091392,ae57220dceacf515bc6a27cd9a9cbb2b8ffb5453fc441b13f2f43006d5ab4fe8
40,1/32,1,32,fixed_x100,100,6,294,294,STABLE,2000,600.0,600.0,0.0,600.0,600.0,600.0,600.0,1.0,0.0,0.0,False,0,0.0,0.0,0.0,1.0,0.0,0x1d28e9af,1103007621469182219051639783832817321760381328824072311285420369379328,f9eed2b877fb234ad8e3720f371a6748f61cefd7282d06dbc66cb9cb3ba6aafc
40,1/64,1,64,fixed_x1,1,600,100,100,STABLE,2000,600.0,600.0,0.0,600.0,600.0,600.0,600.0,1.0,0.0,0.0,False,0,0.0,0.0,0.0,1.0,0.0,0x1e0fffff,110427836236357352041769395878404723568785424659630784333489133269811200,125ef3a29d78a7dce88cafdc29478749736f5c115d90cf45d4646d45ffcd8b6f
40,1/64,1,64,fixed_x2,2,300,200,200,STABLE,2000,600.0,600.0,0.0,600.0,600.0,600.0,600.0,1.0,0.0,0.0,False,0,0.0,0.0,0.0,1.0,0.0,0x1e07fede,55183430209740628715335650670187939194236392199696933199036443606908928,69326334c2e4cc941dc7de47092245cbe329e6ebe7374a92bed4bcfb21263e4d
40,1/64,1,64,fixed_x5,5,120,278,278,STABLE,2000,600.0,600.0,0.0,600.0,600.0,600.0,600.0,1.0,0.0,0.0,False,0,0.0,0.0,0.0,1.0,0.0,0x1e0332b5,22072297898521232202829941504192802239284904149905687678679783470792704,9b83dd9276a7eabee51b632a08a723b50630154c5723d2a86b57d5ee47bfceaa
40,1/64,1,64,fixed_x10,10,60,337,337,STABLE,2000,600.0,600.0,0.0,600.0,600.0,600.0,600.0,1.0,0.0,0.0,False,0,0.0,0.0,0.0,1.0,0.0,0x1e01994e,11034832545614759136581246776750355239238465886260336975449212848177152,12d835e6008076ecc3a358ed6a4b94ca0671474f09c3148d07d0ce1d7c389b2e
40,1/64,1,64,fixed_x25,25,24,414,414,STABLE,2000,600.0,600.0,0.0,600.0,600.0,600.0,600.0,1.0,0.0,0.0,False,0,0.0,0.0,0.0,1.0,0.0,0x1e00a3a9,4412269084037540451082671605862740102864747811996806114221867025825792,5b080bf22bc7bb430eb6c97364ce6f95922f25656063bcd33d993a69cb18d209
40,1/64,1,64,fixed_x50,50,12,473,473,STABLE,2000,600.0,600.0,0.0,600.0,600.0,600.0,600.0,1.0,0.0,0.0,False,0,0.0,0.0,0.0,1.0,0.0,0x1d51e0c6,2207427085848546032887448531224268850254037845020858234093593845301248,2cca39c32fc4b8f58f4246e45f0b7300fdd93b1d41e07177d54cf7e2576ffcf3
40,1/64,1,64,fixed_x100,100,6,532,532,STABLE,2000,600.0,600.0,0.0,600.0,600.0,600.0,600.0,1.0,0.0,0.0,False,0,0.0,0.0,0.0,1.0,0.0,0x1d28f069,1103716011181108998252787498065908261152776396614227567416591945564160,730e492248939b4d84ab7fcd6a8b00c6882c1fb7ea1b73783b5c735bb12fcc89
60,1/2,1,2,fixed_x1,1,600,100,100,STABLE,2000,600.0,600.0,0.0,600.0,600.0,600.0,600.0,1.0,0.0,0.0,False,0,0.0,0.0,0.0,1.0,0.0,0x1e0fffff,110427836236357352041769395878404723568785424659630784333489133269811200,125ef3a29d78a7dce88cafdc29478749736f5c115d90cf45d4646d45ffcd8b6f
60,1/2,1,2,fixed_x2,2,300,,,UNSTABLE,2000,790.552,300.0,884.4141152740609,300.0,3055.15,300.0,3282.0,10.183833333333334,2682.0,300.0,True,53,2982.0,2982.0,2982.0,1.0,884.4141152740609,0x1e0ff7bd,110205206051770022149089997167881444274863280427954023512297519863300096,d94c76b19bb33a500d7c1967423c91da1195c61bddc2880d134abfc9506ac24f
60,1/2,1,2,fixed_x5,5,120,,,UNSTABLE,2000,936.0865,120.0,1772.7063775531892,120.0,5948.25,120.0,7011.0,49.56875,6411.0,480.0,True,54,6891.0,6891.0,6891.0,1.0,1772.7063775531892,0x1e0ffffe,110427730924065683484582697960377039898353105764535383784377878958833664,e4ce38efa8981841c8531e7f30c5d02cd72053ec84e5a7e1b79a5b318c30e07b
60,1/2,1,2,fixed_x10,10,60,,,UNSTABLE,2000,985.2735,60.0,2107.0877045575844,60.0,7092.999999999999,60.0,8612.0,118.21666666666665,8012.0,540.0,True,53,8552.0,8552.0,8551.0,0.9998830682881198,2107.0877045575844,0x1e0b35ce,77369781320138908351359437398362156511722659737921415565204645866373120,31e4d87c6eb138bc06c0463181328b39e110cc93e15df130cf1d4b5c79575475
60,1/2,1,2,fixed_x25,25,24,,,UNSTABLE,2000,974.524,24.0,2244.8632836821043,24.0,7424.349999999999,24.0,9458.0,309.34791666666666,8858.0,576.0,True,52,9434.0,9433.0,9434.0,1.000106010813103,2244.8632836821043,0x1e030a21,20978313812668260147411969032614833788356221898884783510970001036148736,9661e8edd722de0ab4b67524c371690f7b9f1398a15f1bb42c0cb50bbbfa0c27
60,1/2,1,2,fixed_x50,50,12,,,UNSTABLE,2000,981.565,12.0,2297.715943230364,12.0,7573.049999999999,12.0,9749.0,631.0875,9149.0,588.0,True,52,9737.0,9736.0,9737.0,1.000102711585867,2297.715943230364,0x1e0ffff6,110426888425732335027089114616155570534894554603772179391487844471013376,6048e6b1723b959665c4eedb9c32665f78e994ff6f8968b895fcb53552ac9edb
60,1/2,1,2,fixed_x100,100,6,,,UNSTABLE,2000,973.2675,6.0,2316.719196178887,6.0,7657.699999999998,6.0,9883.0,1276.283333333333,9283.0,594.0,True,51,9877.0,9875.0,9877.0,1.0002025316455696,2316.719196178887,0x1d02c9ef,75185982856981216176634313147114819936044921488563122721158806372352,42051727c6f196d4eba1442af4ba735482f228b366b7c503cca31ed5edb95130
60,1/4,1,4,fixed_x1,1,600,100,100,STABLE,2000,600.0,600.0,0.0,600.0,600.0,600.0,600.0,1.0,0.0,0.0,False,0,0.0,0.0,0.0,1.0,0.0,0x1e0fffff,110427836236357352041769395878404723568785424659630784333489133269811200,125ef3a29d78a7dce88cafdc29478749736f5c115d90cf45d4646d45ffcd8b6f
60,1/4,1,4,fixed_x2,2,300,,,UNSTABLE,2000,708.5955,363.0,548.3372501296533,300.0,1866.05,300.0,1915.0,6.220166666666667,1315.0,300.0,True,46,1615.0,1615.0,1615.0,1.0,548.3372501296533,0x1e0fffaa,110418884691565524680900072846051611582038318576521737659032516836720640,631f38ab529947e90ec0793a5bfc5b9a1d2af2e2d71fb8d78c93e254dd176180
60,1/4,1,4,fixed_x5,5,120,,,UNSTABLE,2000,788.2695,166.0,1035.3440026724209,120.0,3256.0,120.0,3442.0,27.133333333333333,2842.0,480.0,True,46,3322.0,3322.0,3322.0,1.0,1035.3440026724209,0x1e0ffdc5,110367808230106274445351582602625031422363654455252471340074176012615680,28ec2575c2de3422b7e3dceca77e62a6e186218ca101c11622d7eb7ede3e8086
60,1/4,1,4,fixed_x10,10,60,,,UNSTABLE,2000,815.1935,118.0,1210.7630177114554,60.0,3822.05,60.0,4057.0,63.700833333333335,3457.0,540.0,True,46,3997.0,3997.0,3997.0,1.0,1210.7630177114554,0x1e0ff16e,110035126700725302292572859553172316526668264848882136697621807634579456,be19465bd6180cca3f3b7f9343fb22fa809847798d8901c0c2515670c645288c
60,1/4,1,4,fixed_x25,25,24,,,UNSTABLE,2000,790.619,79.5,1275.9963130193598,24.0,4022.5499999999993,24.0,4355.0,167.60624999999996,3755.0,576.0,True,43,4331.0,4331.0,4331.0,1.0,1275.9963130193598,0x1e0fffe1,110424676867607295326168458337574213455815857806768767860151503940485120,e632e40e5af178ddc7e4f9d2a08bf7e66012368881675efed1ffeb67dd39cee2
60,1/4,1,4,fixed_x50,50,12,,,UNSTABLE,2000,766.1285,66.0,1282.5710452009082,12.0,4086.3999999999996,12.0,4440.0,340.5333333333333,3840.0,588.0,True,42,4428.0,4427.0,4428.0,1.0002258866049243,1282.5710452009082,0x1d0d3b50,356725641972549615466691459148242901274197342838972511415618253094912,9b488966b628847d58798c553a7679cb29ec0282a27bc586b11c6c0cf98df10e
60,1/4,1,4,fixed_x100,100,6,,,UNSTABLE,2000,728.475,54.0,1266.9370415987528,6.0,4056.749999999999,6.0,4479.0,676.1249999999999,3879.0,594.0,True,41,4473.0,4473.0,4472.0,0.9997764363961547,1266.9370415987528,0x1e0fb4af,108397415252987569482233536304663557633677127220308197468506017622917120,92c83580de52ecc382145df87fa08e6d025fa8216153c9e7bfaff3bd6db6326f
60,1/8,1,8,fixed_x1,1,600,100,100,STABLE,2000,600.0,600.0,0.0,600.0,600.0,600.0,600.0,1.0,0.0,0.0,False,0,0.0,0.0,0.0,1.0,0.0,0x1e0fffff,110427836236357352041769395878404723568785424659630784333489133269811200,125ef3a29d78a7dce88cafdc29478749736f5c115d90cf45d4646d45ffcd8b6f
60,1/8,1,8,fixed_x2,2,300,,,MARGINAL,2000,637.439,515.0,329.7894650818913,302.0,1210.0,301.0,1223.0,4.006622516556291,623.0,299.0,True,38,922.0,922.0,922.0,1.0,329.7894650818913,0x1e064d53,43495134894322472235293822531660408922459182246476188988254231143120896,2d2f36b602109c536a4a76590d7272f5b572caa514ca4abf9319514f71580611
60,1/8,1,8,fixed_x5,5,120,,,UNSTABLE,2000,643.51,361.0,583.822798372931,122.0,1786.1,121.0,1828.0,14.640163934426228,1228.0,479.0,True,37,1707.0,1706.0,1707.0,1.0005861664712778,583.822798372931,0x1e01284f,7988463884518405396970571989944820643549787461608652834195759200993280,a37e8ce87a3fc624b4ac3b2fabb37bf2554d9f7c93decec10e007a0e9527644d
60,1/8,1,8,fixed_x10,10,60,,,UNSTABLE,2000,640.3165,308.0,671.4516999217069,62.0,2001.0,61.0,2056.0,32.274193548387096,1456.0,539.0,True,36,1995.0,1995.0,1995.0,1.0,671.4516999217069,0x1e0770d7,51354380596963557964186049101637365945553685426028368062940950774677504,7bee5eb2340b7e25f806e001b3bee22924a93e03b870ed8cb7f3f226ce19b6b1
60,1/8,1,8,fixed_x25,25,24,,,UNSTABLE,2000,607.334,245.0,696.1682192142931,28.0,2071.0,27.0,2139.0,73.96428571428571,1539.0,573.0,True,34,2112.0,2112.0,2112.0,1.0,696.1682192142931,0x1e010b12,7200201381379254854536655552732547457642857672535542736457241534136320,69e05b0394ae8a400657f5f29a4cb2fde20bc25317a1110e91338725d03c2e65
60,1/8,1,8,fixed_x50,50,12,,,UNSTABLE,2000,605.2415,240.0,696.5610914900071,28.0,2071.0,27.0,2139.0,73.96428571428571,1539.0,573.0,True,33,2112.0,2112.0,2112.0,1.0,696.5610914900071,0x1d2e0439,1240602244295545486487575074424489134961280227804553809088836033052672,578e99b650950ebe44d18cf903556c3acd64c32474ac2a72d1f8ad257c178176
60,1/8,1,8,fixed_x100,100,6,,,UNSTABLE,2000,602.1035,241.0,694.3486730654491,28.0,2072.05,27.0,2139.0,74.00178571428572,1539.0,573.0,True,34,2112.0,2112.0,2112.0,1.0,694.3486730654491,0x1d0d2499,354333489722343912182908672699100152977578690574307694689275212726272,764e06fb215470d675a3143a06783caa261b3a8171649d6af0b9408bd9ad4544
60,1/16,1,16,fixed_x1,1,600,100,100,STABLE,2000,600.0,600.0,0.0,600.0,600.0,600.0,600.0,1.0,0.0,0.0,False,0,0.0,0.0,0.0,1.0,0.0,0x1e0fffff,110427836236357352041769395878404723568785424659630784333489133269811200,125ef3a29d78a7dce88cafdc29478749736f5c115d90cf45d4646d45ffcd8b6f
60,1/16,1,16,fixed_x2,2,300,416,416,STABLE,2000,600.0,600.0,0.0,600.0,600.0,600.0,600.0,1.0,0.0,0.0,False,0,0.0,0.0,0.0,1.0,0.0,0x1e07fcfc,55132669685156384151347254180844410045858684763713868527411865715736576,759ac3add2e43ca59c295501933eb414e7a88d62ddd0dfed3e8a4419c2cac2c9
60,1/16,1,16,fixed_x5,5,120,561,561,STABLE,2000,600.0,600.0,0.0,600.0,600.0,600.0,600.0,1.0,0.0,0.0,False,0,0.0,0.0,0.0,1.0,0.0,0x1e03320f,22054816058104251709838087111597312947519967564069196526211567848521728,47244554e9ffa0b3d1d5267238015277e403f9b7bebea6043c381e6336b220cb
60,1/16,1,16,fixed_x10,10,60,634,634,STABLE,2000,600.0,600.0,0.0,600.0,600.0,600.0,600.0,1.0,0.0,0.0,False,0,0.0,0.0,0.0,1.0,0.0,0x1e01992a,11031041303114691077860121727753743103674985662825917207444057652985856,a7836c7d7cf2b700d24071c0e1419e2843aa1431cde3a123dc2c422b2836a75e
60,1/16,1,16,fixed_x25,25,24,653,653,STABLE,2000,600.119,600.0,0.5855245511505047,599.0,601.0,599.0,601.0,1.003338898163606,1.0,1.0,False,33,2.0,2.0,2.0,1.0,0.5855245511505047,0x1e00a3d2,4416586887995951295737286244997770590589822510908228627783293775904768,7008379fd321f85d8b3154c505763220a3394a46c8f048f134f8520a4341ae61
60,1/16,1,16,fixed_x50,50,12,668,668,STABLE,2000,600.0,600.0,0.0,600.0,600.0,600.0,600.0,1.0,0.0,0.0,False,0,0.0,0.0,0.0,1.0,0.0,0x1d51d94c,2206639711917867835796277378470415158037403605909152566128981535883264,8fb7e2b554e19bd838599578b214cd9be33e2273b1a5faa00d5472aeae7a8e4a
60,1/16,1,16,fixed_x100,100,6,682,682,STABLE,2000,600.0,600.0,0.0,600.0,600.0,600.0,600.0,1.0,0.0,0.0,False,0,0.0,0.0,0.0,1.0,0.0,0x1d28e5c0,1102593365696876605430527270341108508770751925069899057554822357057536,2aae0920ad7223735863db9aac622f3ef564763ad8ce70154088ac319f265eed
60,1/32,1,32,fixed_x1,1,600,100,100,STABLE,2000,600.0,600.0,0.0,600.0,600.0,600.0,600.0,1.0,0.0,0.0,False,0,0.0,0.0,0.0,1.0,0.0,0x1e0fffff,110427836236357352041769395878404723568785424659630784333489133269811200,125ef3a29d78a7dce88cafdc29478749736f5c115d90cf45d4646d45ffcd8b6f
60,1/32,1,32,fixed_x2,2,300,200,200,STABLE,2000,600.0,600.0,0.0,600.0,600.0,600.0,600.0,1.0,0.0,0.0,False,0,0.0,0.0,0.0,1.0,0.0,0x1e07ff93,55202491734532637566127973833198683542486112211964432588173473893842944,a49700d11a1373034bfcca3add592dc613f88a5b33677afe5072dca8c1968410
60,1/32,1,32,fixed_x5,5,120,232,232,STABLE,2000,600.0,600.0,0.0,600.0,600.0,600.0,600.0,1.0,0.0,0.0,False,0,0.0,0.0,0.0,1.0,0.0,0x1e0332fe,22079985695813036877458889520213710180844183491869927763801348172152832,10199569d77e2fa0d2155204ad13a6bd7699ab9fb4121a2837dadb75f445028b
60,1/32,1,32,fixed_x10,10,60,259,259,STABLE,2000,600.0,600.0,0.0,600.0,600.0,600.0,600.0,1.0,0.0,0.0,False,0,0.0,0.0,0.0,1.0,0.0,0x1e019972,11038623788114827195302371825746967374801946109694756743454368043368448,772188145fcdd73985cbef262758f714f8625a53dc86f05fc88e1c9f77e1af56
60,1/32,1,32,fixed_x25,25,24,298,298,STABLE,2000,600.0,600.0,0.0,600.0,600.0,600.0,600.0,1.0,0.0,0.0,False,0,0.0,0.0,0.0,1.0,0.0,0x1e00a3be,4414480642162580152003327884444097181943444609000217645558207556354048,a5ad78512a251289a30fd6d53a6b8e38326cdc5f39018f7713a571e69dd36a67
60,1/32,1,32,fixed_x50,50,12,327,327,STABLE,2000,600.0,600.0,0.0,600.0,600.0,600.0,600.0,1.0,0.0,0.0,False,0,0.0,0.0,0.0,1.0,0.0,0x1d51e922,2208307430786712878120001439736937032774203608708972199320485351129088,bde1c6ebbc7088a8e5d7b79ddc7666fa8cb525df24933dbd51198cc6b5908eba
60,1/32,1,32,fixed_x100,100,6,356,356,STABLE,2000,600.0,600.0,0.0,600.0,600.0,600.0,600.0,1.0,0.0,0.0,False,0,0.0,0.0,0.0,1.0,0.0,0x1d28f404,1104095711357710866547014757204783369781801162915222515970059637096448,ceb48115d260a9c1f6da9385070dac8848293597d6e83e370abd8472b566bf0e
60,1/64,1,64,fixed_x1,1,600,100,100,STABLE,2000,600.0,600.0,0.0,600.0,600.0,600.0,600.0,1.0,0.0,0.0,False,0,0.0,0.0,0.0,1.0,0.0,0x1e0fffff,110427836236357352041769395878404723568785424659630784333489133269811200,125ef3a29d78a7dce88cafdc29478749736f5c115d90cf45d4646d45ffcd8b6f
60,1/64,1,64,fixed_x2,2,300,189,189,STABLE,2000,600.0,600.0,0.0,600.0,600.0,600.0,600.0,1.0,0.0,0.0,False,0,0.0,0.0,0.0,1.0,0.0,0x1e07fead,55178269907448869413187452686831439343052766340022306292584982369009664,636d151b2ab1d9e0ae63a90c882dfb25d9648d286ed1e250026175411dc87d0e
60,1/64,1,64,fixed_x5,5,120,259,259,STABLE,2000,600.0,600.0,0.0,600.0,600.0,600.0,600.0,1.0,0.0,0.0,False,0,0.0,0.0,0.0,1.0,0.0,0x1e03329b,22069559778937849715975795635473026808044612877425273401787171385376768,915056414919982baf913d323caae8b1f8e28c725df8d90fa6e55a9fad429e6e
60,1/64,1,64,fixed_x10,10,60,317,317,STABLE,2000,600.0,600.0,0.0,600.0,600.0,600.0,600.0,1.0,0.0,0.0,False,0,0.0,0.0,0.0,1.0,0.0,0x1e01993c,11032936924364725107220684252252049171456725774543127091446635250581504,10d25736ea590767c5fb4edee97947f6703a946c368f6c738df1baaa1961fc32
60,1/64,1,64,fixed_x25,25,24,395,395,STABLE,2000,600.0,600.0,0.0,600.0,600.0,600.0,600.0,1.0,0.0,0.0,False,0,0.0,0.0,0.0,1.0,0.0,0x1e00a39f,4411215961120854879215692425585903398541558861042800623109323916050432,88d03127e2ae44393a916d626a9503f66a30e785ec68a6fc614b88a293d5dd14
60,1/64,1,64,fixed_x50,50,12,454,454,STABLE,2000,600.0,600.0,0.0,600.0,600.0,600.0,600.0,1.0,0.0,0.0,False,0,0.0,0.0,0.0,1.0,0.0,0x1d51dfd9,2207329589703524751429450849300202327236617617920819444486690440216576,31b62c191fa2a2551272fec7e059c16eead5dfe3c63bc0ba82a13724e831eee6
60,1/64,1,64,fixed_x100,100,6,513,513,STABLE,2000,600.0,600.0,0.0,600.0,600.0,600.0,600.0,1.0,0.0,0.0,False,0,0.0,0.0,0.0,1.0,0.0,0x1d28efe3,1103660886778438737850375306598292589910859474962728842491169767161856,2cc08b3e792364893502fcc932b4c8386d59596c075096a5d5524f07250b1852
90,1/2,1,2,fixed_x1,1,600,100,100,STABLE,2000,600.0,600.0,0.0,600.0,600.0,600.0,600.0,1.0,0.0,0.0,False,0,0.0,0.0,0.0,1.0,0.0,0x1e0fffff,110427836236357352041769395878404723568785424659630784333489133269811200,125ef3a29d78a7dce88cafdc29478749736f5c115d90cf45d4646d45ffcd8b6f
90,1/2,1,2,fixed_x2,2,300,,,UNSTABLE,2000,795.1045,300.0,1104.742844547884,300.0,3917.2,300.0,4569.0,13.057333333333332,3969.0,300.0,True,36,4269.0,4269.0,4268.0,0.9997657531037714,1104.742844547884,0x1e0ffffe,110427730924065683484582697960377039898353105764535383784377878958833664,426bc111af98da412ed58d9537cd884b1297c263d91dcfe7ca35a8646c9c0b8f
90,1/2,1,2,fixed_x5,5,120,,,UNSTABLE,2000,1023.277,120.0,2342.3654901127193,120.0,7783.05,120.0,10384.0,64.85875,9784.0,480.0,True,38,10264.0,10264.0,10264.0,1.0,2342.3654901127193,0x1d594da5,2407612176897875344850342923355170243950591313806410617554166387572736,0cff39dc4cdf7aec18da40305278beea49ec85a485abacf0f651ccd949d2919c
90,1/2,1,2,fixed_x10,10,60,,,UNSTABLE,2000,1043.2425,60.0,2724.50799167368,60.0,8777.0,60.0,12854.0,146.28333333333333,12254.0,540.0,True,38,12794.0,12794.0,12794.0,1.0,2724.50799167368,0x1e0ffffe,110427730924065683484582697960377039898353105764535383784377878958833664,0f14ee203e936cbcc3ce56ec293dce0fac4bcca23235075eed625c78e816b857
90,1/2,1,2,fixed_x25,25,24,,,UNSTABLE,2000,1071.582,24.0,2954.4355302284057,24.0,9114.849999999997,24.0,14192.0,379.78541666666655,13592.0,576.0,True,38,14168.0,14168.0,14168.0,1.0,2954.4355302284057,0x1e014d7e,8990931588911401257148053695465679488793349874726479824225545396158464,0f6e4696c8f57336df8468319e64f4736400fdcdc55ff09e51049345a5c9d9ad
90,1/2,1,2,fixed_x50,50,12,,,UNSTABLE,2000,1024.6285,12.0,2956.6169099982753,12.0,8880.599999999999,12.0,14665.0,740.0499999999998,14065.0,588.0,True,36,14653.0,14646.0,14653.0,1.0004779461969138,2956.6169099982753,0x1e04c949,33033622464551338423096041497619955516764781259576441374473487256649728,e1c3f1af37f0e32c40e2b13eeac96db843ba2392928e025e0c74f6a4a26e92ce
90,1/2,1,2,fixed_x100,100,6,,,UNSTABLE,2000,1028.4425,6.0,2990.7692484867084,6.0,9006.199999999993,6.0,14875.0,1501.0333333333322,14275.0,594.0,True,36,14869.0,14864.0,14869.0,1.0003363832077503,2990.7692484867084,0x1e0ffffe,110427730924065683484582697960377039898353105764535383784377878958833664,26b84eae736e30f49b19cae930bbcc6102a4775e972dfa553d053bb8454646dd
90,1/4,1,4,fixed_x1,1,600,100,100,STABLE,2000,600.0,600.0,0.0,600.0,600.0,600.0,600.0,1.0,0.0,0.0,False,0,0.0,0.0,0.0,1.0,0.0,0x1e0fffff,110427836236357352041769395878404723568785424659630784333489133269811200,125ef3a29d78a7dce88cafdc29478749736f5c115d90cf45d4646d45ffcd8b6f
90,1/4,1,4,fixed_x2,2,300,,,UNSTABLE,2000,736.0435,306.0,707.4499400012343,300.0,2434.05,300.0,2565.0,8.1135,1965.0,300.0,True,33,2265.0,2265.0,2264.0,0.9995584988962473,707.4499400012343,0x1e0271d4,16872292872802883995246843051256207302674821024312774212275670332997632,2d29b9a56f363227fac9008dd88c61bd9055d327aa69739f46c873283d899e36
90,1/4,1,4,fixed_x5,5,120,,,UNSTABLE,2000,866.418,124.0,1387.818174068923,120.0,4546.299999999999,120.0,5010.0,37.88583333333333,4410.0,480.0,True,34,4890.0,4890.0,4890.0,1.0,1387.818174068923,0x1e0fdef0,109536578311966352570744915610117820700070615467255937204943899466924032,b497e73e4bd11f2e46c6b60f445b301467ab28854cea9f74a2e6d720e47b0d44
90,1/4,1,4,fixed_x10,10,60,,,UNSTABLE,2000,902.3005,64.0,1627.7507684531283,60.0,5358.200000000001,60.0,5995.0,89.30333333333334,5395.0,540.0,True,34,5935.0,5935.0,5934.0,0.9998315080033698,1627.7507684531283,0x1e0eea31,102938236677472902038186861585597449763130243264934532639305045169405952,78d5818fa02486f450109f7b6b128eda37b8340ac2ae652fd7fc989f17d9edd2
90,1/4,1,4,fixed_x25,25,24,,,UNSTABLE,2000,867.059,28.0,1708.7169679379322,24.0,5601.199999999999,24.0,6506.0,233.3833333333333,5906.0,576.0,True,32,6482.0,6482.0,6482.0,1.0,1708.7169679379322,0x1e0ffffc,110427520299482346370209302124321672557488467974344582686155370336878592,24460b285363de9f9599ffddcb162148762b7e79be8782795b704f6c4ca5c46c
90,1/4,1,4,fixed_x50,50,12,,,UNSTABLE,2000,870.62,18.0,1744.3273189398828,12.0,5764.699999999999,12.0,6660.0,480.3916666666666,6060.0,588.0,True,32,6648.0,6644.0,6648.0,1.0006020469596628,1744.3273189398828,0x1e0ffffc,110427520299482346370209302124321672557488467974344582686155370336878592,8d3afa29c5b1b9c47e1ed94c85ce1ea52bb499345bbfcbf94432b456b960ded7
90,1/4,1,4,fixed_x100,100,6,,,UNSTABLE,2000,819.3775,12.0,1717.6214483970994,6.0,5667.35,6.0,6733.0,944.5583333333334,6133.0,594.0,True,30,6727.0,6727.0,6727.0,1.0,1717.6214483970994,0x1e0ffffc,110427520299482346370209302124321672557488467974344582686155370336878592,0bde07b7a5db180f818800a748cc9f4b1d3834629e2943545bd3fc3dfdd666b6
90,1/8,1,8,fixed_x1,1,600,100,100,STABLE,2000,600.0,600.0,0.0,600.0,600.0,600.0,600.0,1.0,0.0,0.0,False,0,0.0,0.0,0.0,1.0,0.0,0x1e0fffff,110427836236357352041769395878404723568785424659630784333489133269811200,125ef3a29d78a7dce88cafdc29478749736f5c115d90cf45d4646d45ffcd8b6f
90,1/8,1,8,fixed_x2,2,300,,,UNSTABLE,2000,671.418,422.0,444.8356441158914,300.0,1541.0,300.0,1570.0,5.136666666666667,970.0,300.0,True,28,1270.0,1270.0,1270.0,1.0,444.8356441158914,0x1e0fff14,110403087847815241102895385141899061017190484312211655292344370190090240,dc782d792655d595a215c19eeabbc9c025a295d9525475eeac0d5305e165e614
90,1/8,1,8,fixed_x5,5,120,,,UNSTABLE,2000,724.8525,252.5,814.7432710638057,120.0,2511.05,120.0,2604.0,20.925416666666667,2004.0,480.0,True,29,2484.0,2484.0,2484.0,1.0,814.7432710638057,0x1e0bc01f,81098784255830849775146016840613242849702416170959459045608543269945344,b4e637b4fc4b989fbb2a703285ee86b8cb7bc64365005faa339bd635cbc5a310
90,1/8,1,8,fixed_x10,10,60,,,UNSTABLE,2000,740.0345,198.0,945.025606695263,60.0,2872.05,60.0,3003.0,47.8675,2403.0,540.0,True,28,2943.0,2943.0,2943.0,1.0,945.025606695263,0x1e0fc27d,108769588891744250580023978614497648941492102487453738027678752617529344,8afd03debe319fdd69e56a64f0216f29b0f1b6c7ac62e19b4ca01a309c88536f
90,1/8,1,8,fixed_x25,25,24,,,UNSTABLE,2000,695.3585,141.5,982.1961754037479,24.0,3012.2,24.0,3182.0,125.50833333333333,2582.0,576.0,True,26,3158.0,3158.0,3158.0,1.0,982.1961754037479,0x1e029d07,18036941506365457922939118519409918613689481884347446833637095433568256,53292e3230e41cc467040f749c415528dd2b8a8eac8a8e975f1f91e2e334b567
90,1/8,1,8,fixed_x50,50,12,,,UNSTABLE,2000,665.5605,117.0,981.5790188974854,12.0,3033.0,12.0,3229.0,252.75,2629.0,588.0,True,25,3217.0,3217.0,3217.0,1.0,981.5790188974854,0x1d0fc52f,425165056144513886870490398646872584139813047278437956697047762468864,72e1548d7ce4be806bff54d615f26fbd6dfac9fb85c5c75fec5bf1b65e478117
90,1/8,1,8,fixed_x100,100,6,,,UNSTABLE,2000,643.4035,98.0,979.8371097727163,6.0,3037.3499999999995,6.0,3248.0,506.2249999999999,2648.0,594.0,True,24,3242.0,3242.0,3241.0,0.999691548426897,979.8371097727163,0x1e0b6ea7,78902391100791421089374238455242612313259540061285606781288633522454528,4d33046c971d1734728b5d0cc376d9d89b3569bb1d152e0281a5ceea2ecf648a
90,1/16,1,16,fixed_x1,1,600,100,100,STABLE,2000,600.0,600.0,0.0,600.0,600.0,600.0,600.0,1.0,0.0,0.0,False,0,0.0,0.0,0.0,1.0,0.0,0x1e0fffff,110427836236357352041769395878404723568785424659630784333489133269811200,125ef3a29d78a7dce88cafdc29478749736f5c115d90cf45d4646d45ffcd8b6f
90,1/16,1,16,fixed_x2,2,300,,,MARGINAL,2000,610.4985,552.5,256.0711092602014,313.0,1021.0,311.0,1029.0,3.2619808306709266,429.0,289.0,True,23,718.0,718.0,718.0,1.0,256.0711092602014,0x1e0f63aa,106213133011490024872932018492476549196950924046605408351980353637842944,b6929f2a49ab88537ffeaf709ea93bf65e1c679023b990a1232703185f91ece4
90,1/16,1,16,fixed_x5,5,120,,,UNSTABLE,2000,602.743,468.5,406.39011423876934,164.0,1320.0,162.0,1339.0,8.048780487804878,739.0,438.0,True,23,1177.0,1177.0,1177.0,1.0,406.39011423876934,0x1e01cdae,12446859752306773895826931691933008395770211325390899459147014434979840,fdb514912ebbe998f29a236159fe1ccb5444f16d5812306c75d9e91e9354964b
90,1/16,1,16,fixed_x10,10,60,,,UNSTABLE,2000,595.823,450.5,408.12547907598224,164.0,1320.0,162.0,1340.0,8.048780487804878,740.0,438.0,True,22,1178.0,1178.0,1178.0,1.0,408.12547907598224,0x1e01ec6e,13275878112321656069512942405858862038984553516384022062940950450143232,d9785c3eac31c9e08e498a55f2cd6b2e58dfec2d251d19dcfe2358d4cd8f752a
90,1/16,1,16,fixed_x25,25,24,,,UNSTABLE,2000,593.8505,449.0,409.28107841647164,164.0,1320.0,162.0,1339.0,8.048780487804878,739.0,438.0,True,22,1177.0,1177.0,1177.0,1.0,409.28107841647164,0x1e01ac8d,11553706206665740395441888899147799459273662021298842446599203034497024,1aaa614a64e2eff5f1381061bec613f69d95b25501b53bfdfb52a6843bb1c927
90,1/16,1,16,fixed_x50,50,12,,,UNSTABLE,2000,594.3795,449.5,408.5399362115655,164.0,1319.05,162.0,1338.0,8.042987804878049,738.0,438.0,True,22,1176.0,1176.0,1176.0,1.0,408.5399362115655,0x1e011f84,7751405915972483169713558509628878500399954601862016784762305190559744,6a9435dcce035d3295f3caefbf106e805f73ad53bcd888db9092d1db52ea624d
90,1/16,1,16,fixed_x100,100,6,,,UNSTABLE,2000,596.486,455.0,407.2306064185255,164.0,1319.05,162.0,1339.0,8.042987804878049,739.0,438.0,True,22,1177.0,1176.0,1177.0,1.0008503401360545,407.2306064185255,0x1e009364,3973643389237999768485843020560252752256549739653519065847661804388352,b421c1128ba0e6a695e134559fe41fcbf75f84d91b359a2f4a6508091bb14eeb
90,1/32,1,32,fixed_x1,1,600,100,100,STABLE,2000,600.0,600.0,0.0,600.0,600.0,600.0,600.0,1.0,0.0,0.0,False,0,0.0,0.0,0.0,1.0,0.0,0x1e0fffff,110427836236357352041769395878404723568785424659630784333489133269811200,125ef3a29d78a7dce88cafdc29478749736f5c115d90cf45d4646d45ffcd8b6f
90,1/32,1,32,fixed_x2,2,300,329,329,STABLE,2000,600.0,600.0,0.0,600.0,600.0,600.0,600.0,1.0,0.0,0.0,False,0,0.0,0.0,0.0,1.0,0.0,0x1e07fe62,55170371485573727624185108834755164060628849207867265109240909045694464,349ea9f225d155e7e82b43c0c758fbd6885c6827cfcec45c3da5f8ddeb89a8a8
90,1/32,1,32,fixed_x5,5,120,457,457,STABLE,2000,600.0,600.0,0.0,600.0,600.0,600.0,600.0,1.0,0.0,0.0,False,0,0.0,0.0,0.0,1.0,0.0,0x1e03326f,22064926038104433199761087242254945309022581493227649240891981702365184,dbad9546cff8f4e3ca4e4dba90c40e02b242770c3eae27067c9a959590e3be48
90,1/32,1,32,fixed_x10,10,60,484,484,STABLE,2000,600.0,600.0,0.0,600.0,600.0,600.0,600.0,1.0,0.0,0.0,False,0,0.0,0.0,0.0,1.0,0.0,0x1e0198f8,11025775688531263218525225826369559582059040908055889751881342104109056,c49983a5fb4f82fef5aafc0868c665b0e63955999cf51c874cf69f501e0a9416
90,1/32,1,32,fixed_x25,25,24,522,522,STABLE,2000,600.0,600.0,0.0,600.0,600.0,600.0,600.0,1.0,0.0,0.0,False,0,0.0,0.0,0.0,1.0,0.0,0x1e00a3c2,4414901891329254380750119556554831863672720189381819842003224800264192,b6deb7173b26ae8ad7a5497a250f347620641ca9b4527779ed2491dacb23e560
90,1/32,1,32,fixed_x50,50,12,551,551,STABLE,2000,600.0,600.0,0.0,600.0,600.0,600.0,600.0,1.0,0.0,0.0,False,0,0.0,0.0,0.0,1.0,0.0,0x1d51dbd8,2206907929160711192381148638447172006169715791855250839646707359154176,2a3d531fb51c599c67cd957167f664087182776c84ad7943481d012c6e08c614
90,1/32,1,32,fixed_x100,100,6,580,580,STABLE,2000,600.0,600.0,0.0,600.0,600.0,600.0,600.0,1.0,0.0,0.0,False,0,0.0,0.0,0.0,1.0,0.0,0x1d28eeac,1103532948799107014080597757744348755909097067249175831656794412810240,c57ad7011f44396ddeb3f345a29e8ea430d04b254bd9c82da35504c6a3ed6349
90,1/64,1,64,fixed_x1,1,600,100,100,STABLE,2000,600.0,600.0,0.0,600.0,600.0,600.0,600.0,1.0,0.0,0.0,False,0,0.0,0.0,0.0,1.0,0.0,0x1e0fffff,110427836236357352041769395878404723568785424659630784333489133269811200,125ef3a29d78a7dce88cafdc29478749736f5c115d90cf45d4646d45ffcd8b6f
90,1/64,1,64,fixed_x2,2,300,183,183,STABLE,2000,600.0,600.0,0.0,600.0,600.0,600.0,600.0,1.0,0.0,0.0,False,0,0.0,0.0,0.0,1.0,0.0,0x1e07fecb,55181429276198926128788390227661949456022333192884322765922611698335744,f2e22e5150750129463a215fc526f9d28e6e3b57ee30bb7f4d3379ad69041819
90,1/64,1,64,fixed_x5,5,120,241,241,STABLE,2000,600.0,600.0,0.0,600.0,600.0,600.0,600.0,1.0,0.0,0.0,False,0,0.0,0.0,0.0,1.0,0.0,0x1e0332d7,22075878516437963147177670717134047033983746583149306348462430044028928,8193d1d73cac07117c6960a8fe1864fd6b2c95af5adb5f28cd30fc9676f1c4d2
90,1/64,1,64,fixed_x10,10,60,298,298,STABLE,2000,600.0,600.0,0.0,600.0,600.0,600.0,600.0,1.0,0.0,0.0,False,0,0.0,0.0,0.0,1.0,0.0,0x1e01995a,11036096293114781822821621793082559284426292627405143564784264579907584,82a6a3407c963b9e00814bb2e760ac96f0019a06ee92d817afcc2ae1190339fd
90,1/64,1,64,fixed_x25,25,24,376,376,STABLE,2000,600.0,600.0,0.0,600.0,600.0,600.0,600.0,1.0,0.0,0.0,False,0,0.0,0.0,0.0,1.0,0.0,0x1e00a3a6,4411953147162534779522577851779689091567791126710604466888104092893184,d15d1b7a99023ad85d3651bbde1b77beeffab63d12934b20789a7f76ee797f78
90,1/64,1,64,fixed_x50,50,12,435,435,STABLE,2000,600.0,600.0,0.0,600.0,600.0,600.0,600.0,1.0,0.0,0.0,False,0,0.0,0.0,0.0,1.0,0.0,0x1d51e5ec,2207969279600183370278338593569921497245429656488584498658567211974656,02e05c392f0dcabf126a88de242721b4006b8e3c4975556fc4e649ce30239527
90,1/64,1,64,fixed_x100,100,6,493,493,STABLE,2000,600.0,600.0,0.0,600.0,600.0,600.0,600.0,1.0,0.0,0.0,False,0,0.0,0.0,0.0,1.0,0.0,0x1d28f2c7,1103965305121543160968173975897065699754281281097871054765889259831296,ee3458256327c2c429bb0eef7b2af048d557332769e27cb0164580ea26474700
120,1/2,1,2,fixed_x1,1,600,100,100,STABLE,2000,600.0,600.0,0.0,600.0,600.0,600.0,600.0,1.0,0.0,0.0,False,0,0.0,0.0,0.0,1.0,0.0,0x1e0fffff,110427836236357352041769395878404723568785424659630784333489133269811200,125ef3a29d78a7dce88cafdc29478749736f5c115d90cf45d4646d45ffcd8b6f
120,1/2,1,2,fixed_x2,2,300,,,UNSTABLE,2000,852.6245,300.0,1344.0473390099585,300.0,4748.099999999999,300.0,5843.0,15.826999999999998,5243.0,300.0,True,30,5543.0,5543.0,5542.0,0.9998195922785496,1344.0473390099585,0x1e0ffffe,110427730924065683484582697960377039898353105764535383784377878958833664,578aa27bfcdafe3f28fdc04593e9f401405f9f6e900d84a0c972b90c00bde7ab
120,1/2,1,2,fixed_x5,5,120,,,UNSTABLE,2000,976.162,120.0,2669.1585945304937,120.0,7799.599999999992,120.0,13754.0,64.9966666666666,13154.0,480.0,True,28,13634.0,13633.0,13634.0,1.0000733514266853,2669.1585945304937,0x1e0ffffe,110427730924065683484582697960377039898353105764535383784377878958833664,536da770ecda2b0fef2dba6540564d7ce15c689747669be5816e9525ceab4f76
120,1/2,1,2,fixed_x10,10,60,,,UNSTABLE,2000,1098.109,60.0,3269.944306730468,60.0,9195.449999999988,60.0,17081.0,153.2574999999998,16481.0,540.0,True,30,17021.0,17021.0,17019.0,0.9998824980905939,3269.944306730468,0x1e0ffffe,110427730924065683484582697960377039898353105764535383784377878958833664,2cbb81cfb61e42984e3140527d9415f8fb3230b98ef6aa30657843fe28f7fcbc
120,1/2,1,2,fixed_x25,25,24,,,UNSTABLE,2000,1056.4035,24.0,3441.492345580293,24.0,8874.449999999993,24.0,18929.0,369.7687499999997,18329.0,576.0,True,28,18905.0,18905.0,18903.0,0.9998942078815128,3441.492345580293,0x1e0ffffe,110427730924065683484582697960377039898353105764535383784377878958833664,fbcddbb207ba0fa78e44e8eb3e3eb8a4b46bf9c40d0eb47ba25e2a1da6ad17c6
120,1/2,1,2,fixed_x50,50,12,,,UNSTABLE,2000,1065.0835,12.0,3528.2991838175726,12.0,8865.399999999994,12.0,19577.0,738.7833333333328,18977.0,588.0,True,28,19565.0,19552.0,19565.0,1.0006648936170213,3528.2991838175726,0x1e0ffffe,110427730924065683484582697960377039898353105764535383784377878958833664,b06f5555dd1519fe19f285dc3f1d91fb2450c1d43a704992615645c6efe5c060
120,1/2,1,2,fixed_x100,100,6,,,UNSTABLE,2000,1070.9575,6.0,3570.8970249355766,6.0,9155.2,6.0,19888.0,1525.8666666666668,19288.0,594.0,True,29,19882.0,19882.0,19882.0,1.0,3570.8970249355766,0x1d14a137,556176837989313669534784735023723716645528511428452318257137315741696,a58e67afda2da9a131f69ef03c7c5eb18a9f1b2466fce5842667a4a8ae99fe20
120,1/4,1,4,fixed_x1,1,600,100,100,STABLE,2000,600.0,600.0,0.0,600.0,600.0,600.0,600.0,1.0,0.0,0.0,False,0,0.0,0.0,0.0,1.0,0.0,0x1e0fffff,110427836236357352041769395878404723568785424659630784333489133269811200,125ef3a29d78a7dce88cafdc29478749736f5c115d90cf45d4646d45ffcd8b6f
120,1/4,1,4,fixed_x2,2,300,,,UNSTABLE,2000,767.5025,300.0,853.3113880605075,300.0,2970.25,300.0,3196.0,9.900833333333333,2596.0,300.0,True,26,2896.0,2896.0,2896.0,1.0,853.3113880605075,0x1e0ffffc,110427520299482346370209302124321672557488467974344582686155370336878592,a199ab9fbf05823f93d8f233ca901df32db7d721df310b214209f3a2597bede4
120,1/4,1,4,fixed_x5,5,120,,,UNSTABLE,2000,884.2535,120.0,1660.7395109521992,120.0,5617.65,120.0,6572.0,46.81375,5972.0,480.0,True,26,6452.0,6452.0,6448.0,0.9993800371977681,1660.7395109521992,0x1e0759eb,50736408069452464392642666115189587848706409006217945878100653958496256,a1fee6fa628e76532283547e8e6be9e2c2b282f36332e46becfbb1e249fdbabc
120,1/4,1,4,fixed_x10,10,60,,,UNSTABLE,2000,962.8355,60.0,1990.7378331763703,60.0,6615.449999999997,60.0,7927.0,110.25749999999995,7327.0,540.0,True,27,7867.0,7867.0,7867.0,1.0,1990.7378331763703,0x1e0d477f,91650233382686931424783819870295550804597153569331275600400468731232256,51b0ce587a2bdbc23141d5ef1105448cc42e3e4d10b368452c5a780395f5f5ce
120,1/4,1,4,fixed_x25,25,24,,,UNSTABLE,2000,939.9225,24.0,2098.9158312075665,24.0,6924.799999999997,24.0,8653.0,288.53333333333325,8053.0,576.0,True,26,8629.0,8629.0,8629.0,1.0,2098.9158312075665,0x1e0ffffc,110427520299482346370209302124321672557488467974344582686155370336878592,3d1dd5d03157a570ab0738342154df570405df0f565e1ac913fe60a114ac280e
120,1/4,1,4,fixed_x50,50,12,,,UNSTABLE,2000,944.543,12.0,2145.510960622434,12.0,7080.15,12.0,8878.0,590.0124999999999,8278.0,588.0,True,25,8866.0,8866.0,8866.0,1.0,2145.510960622434,0x1d4ba010,2038852548721496419295861635832589799095828977898093328202913919533056,df02dafa84cb0f06ae3604b7305ef06bc6dc0f5559728f028f08474e212747ff
120,1/4,1,4,fixed_x100,100,6,,,UNSTABLE,2000,876.054,6.0,2097.257439153334,6.0,6888.15,6.0,8988.0,1148.0249999999999,8388.0,594.0,True,24,8982.0,8982.0,8981.0,0.9998886662213315,2097.257439153334,0x1e04d13b,33247827665805183740839606765928541176101413883621158266764755784957952,41b25d9548eb4edefa46dd60434e698ce9be629790139e7795ed492fe284533d
120,1/8,1,8,fixed_x1,1,600,100,100,STABLE,2000,600.0,600.0,0.0,600.0,600.0,600.0,600.0,1.0,0.0,0.0,False,0,0.0,0.0,0.0,1.0,0.0,0x1e0fffff,110427836236357352041769395878404723568785424659630784333489133269811200,125ef3a29d78a7dce88cafdc29478749736f5c115d90cf45d4646d45ffcd8b6f
120,1/8,1,8,fixed_x2,2,300,,,UNSTABLE,2000,690.6935,348.0,538.8271212158404,300.0,1846.05,300.0,1901.0,6.1535,1301.0,300.0,True,22,1601.0,1601.0,1601.0,1.0,538.8271212158404,0x1e0e8ffd,100506365238262579482958538490326132140022317721945052562220496076144640,e74433ca791628c65480148d5405f0fe6eb144cb2c8df186367897e4e49ee52a
120,1/8,1,8,fixed_x5,5,120,,,UNSTABLE,2000,782.294,170.0,1016.1003885266456,120.0,3188.45,120.0,3368.0,26.570416666666667,2768.0,480.0,True,23,3248.0,3248.0,3247.0,0.999692118226601,1016.1003885266456,0x1e009237,3941944389445764055289769694227467952128562315937953783360114200150016,8e61bbb31d508c3f277b857d0402f1ecae04b285d6303d22c294cda0ad413e64
120,1/8,1,8,fixed_x10,10,60,,,UNSTABLE,2000,776.334,108.0,1165.3877395287802,60.0,3669.3499999999995,60.0,3939.0,61.15583333333333,3339.0,540.0,True,22,3879.0,3879.0,3879.0,1.0,1165.3877395287802,0x1e01fb16,13671009830662082634003530845727993501045047914326882328367125237858304,cc92d3d705b2a2cf194b66e2aaba46fcaaae7aee8c6cd5734af8d22a6b77da64
120,1/8,1,8,fixed_x25,25,24,,,UNSTABLE,2000,783.3755,90.5,1242.5768292140933,24.0,3906.2999999999997,24.0,4215.0,162.7625,3615.0,576.0,True,22,4191.0,4191.0,4191.0,1.0,1242.5768292140933,0x1e0eac10,101263244678484499983756475355288671537098216772588799024805229071695872,378192924c6721c1adc370c30b06ef148f6cef40d0fbc74e75eafa67437cad8f
120,1/8,1,8,fixed_x50,50,12,,,UNSTABLE,2000,721.2105,62.0,1223.774244372609,12.0,3911.3999999999996,12.0,4294.0,325.95,3694.0,588.0,True,21,4282.0,4282.0,4282.0,1.0,1223.774244372609,0x1e0fdb72,109442429123214662445836976893368619333577523251967846299482545453006848,a43a36171c9977e8828d924008a48264f44da143c11cb2930a2f06318682054c
120,1/8,1,8,fixed_x100,100,6,,,UNSTABLE,2000,716.107,53.5,1234.5755920764836,6.0,3934.949999999999,6.0,4329.0,655.8249999999998,3729.0,594.0,True,20,4323.0,4322.0,4323.0,1.0002313743637206,1234.5755920764836,0x1e0db583,94616248765240176030943983201978444860426515036192340769766883102556160,91be0f22be8d73de215fd1e432cf41b8a7d642de9f146c2eed45d8ca1c670e74
120,1/16,1,16,fixed_x1,1,600,100,100,STABLE,2000,600.0,600.0,0.0,600.0,600.0,600.0,600.0,1.0,0.0,0.0,False,0,0.0,0.0,0.0,1.0,0.0,0x1e0fffff,110427836236357352041769395878404723568785424659630784333489133269811200,125ef3a29d78a7dce88cafdc29478749736f5c115d90cf45d4646d45ffcd8b6f
120,1/16,1,16,fixed_x2,2,300,,,MARGINAL,2000,642.018,524.0,331.3849871011057,303.0,1209.05,301.0,1222.0,3.9902640264026403,622.0,299.0,True,19,921.0,921.0,921.0,1.0,331.3849871011057,0x1e04436d,29424780853653220749331786524955937142060884130390424430010758678446080,60d1514ca20850a3b2b040aee2ad8accd7336fe159ca13b5249887e293bfff14
120,1/16,1,16,fixed_x5,5,120,,,UNSTABLE,2000,645.1925,372.5,578.1378005663961,122.0,1773.05,121.0,1818.0,14.533196721311475,1218.0,479.0,True,19,1697.0,1696.0,1697.0,1.0005896226415094,578.1378005663961,0x1e018961,10605474332482051486413834977884030886674330582312298248865386992762880,13ba58d2d4c3abbc3e82468f9053e7e6d3a1369aa2d719715093442084e91ce5
120,1/16,1,16,fixed_x10,10,60,,,UNSTABLE,2000,637.76,298.5,667.8855975389797,62.0,1986.0,61.0,2039.0,32.03225806451613,1439.0,539.0,True,18,1978.0,1978.0,1978.0,1.0,667.8855975389797,0x1e01f140,13405833480240655637898173252020511352466070064108299666228770196422656,42c7f1ce479499bd470b8938a4c421f6b36269777049f0a4ff668f383497cffa
120,1/16,1,16,fixed_x25,25,24,,,UNSTABLE,2000,602.0095,247.5,686.3501470894794,28.0,2044.1499999999999,27.0,2119.0,73.00535714285714,1519.0,573.0,True,17,2092.0,2091.0,2092.0,1.0004782400765184,686.3501470894794,0x1e075faa,50891322450496912014275303533912267054647503691552153620755745406451712,f865153eeb7a8ccfb460416a04590f6e1bae14d3e58fe5d5770e21c8bc79f45a
120,1/16,1,16,fixed_x50,50,12,,,UNSTABLE,2000,628.9895,272.0,701.4621446591042,27.0,2060.05,26.0,2119.0,76.29814814814816,1519.0,574.0,True,17,2093.0,2093.0,2093.0,1.0,701.4621446591042,0x1e00a6bd,4495255169872363514200631011677472403532037147172438813890264076124160,602bdb7bbcdec1d9eb4700bb6386ea435c9291d767cf6a25bf851638c9057ca8
120,1/16,1,16,fixed_x100,100,6,,,UNSTABLE,2000,631.8325,271.5,701.526661249414,27.0,2058.1499999999996,26.0,2119.0,76.22777777777776,1519.0,574.0,True,17,2093.0,2093.0,2093.0,1.0,701.526661249414,0x1d223976,922689529692670488238703412127522099385736921512246954304987258159104,67bea83c7b8fa36dae441b15aa37a8629afa7f18cbd0326f09aa264ade478f2a
120,1/32,1,32,fixed_x1,1,600,100,100,STABLE,2000,600.0,600.0,0.0,600.0,600.0,600.0,600.0,1.0,0.0,0.0,False,0,0.0,0.0,0.0,1.0,0.0,0x1e0fffff,110427836236357352041769395878404723568785424659630784333489133269811200,125ef3a29d78a7dce88cafdc29478749736f5c115d90cf45d4646d45ffcd8b6f
120,1/32,1,32,fixed_x2,2,300,749,749,STABLE,2000,600.0,600.0,0.0,600.0,600.0,600.0,600.0,1.0,0.0,0.0,False,0,0.0,0.0,0.0,1.0,0.0,0x1e07ff61,55197226119949209706793077931814500020870167457194405132610758344966144,8931904f9a9458805d7a61d2ccb985925040dfc724829059ad4072cac46911c3
120,1/32,1,32,fixed_x5,5,120,1040,1040,STABLE,2000,600.0,600.0,0.0,600.0,600.0,600.0,600.0,1.0,0.0,0.0,False,0,0.0,0.0,0.0,1.0,0.0,0x1e0332fc,22079775071229699763085493684158342839979545701679126665578839550197760,fed653a824d12a601bc370754a93a9d0110de5c59ef5ddc06917d8948b927b19
120,1/32,1,32,fixed_x10,10,60,1188,1188,STABLE,2000,600.1155,600.0,0.6972515686608385,599.0,601.0,599.0,601.0,1.003338898163606,1.0,1.0,False,16,2.0,2.0,2.0,1.0,0.6972515686608385,0x1e0198c9,11020826010822841030750423679068427071740052838572063943652389488164864,222972670c4948c90a9fe1eb739512321c25116344c7619dfb179f5bf8f65a76
120,1/32,1,32,fixed_x25,25,24,1227,1227,STABLE,2000,600.0,600.0,0.0,600.0,600.0,600.0,600.0,1.0,0.0,0.0,False,0,0.0,0.0,0.0,1.0,0.0,0x1e00a3d2,4416586887995951295737286244997770590589822510908228627783293775904768,be379b6ca0e5c0a9e9923c02024ffd1e090fb673b8dd108e0627e21bd6d26d8c
120,1/32,1,32,fixed_x50,50,12,1256,1256,STABLE,2000,600.0,600.0,0.0,600.0,600.0,600.0,600.0,1.0,0.0,0.0,False,0,0.0,0.0,0.0,1.0,0.0,0x1d51e458,2207803083639893928468080941682483204844426400166155507092369002463232,fcedb4f326ebd8ad812080f7b923d106053e87458bb7804f90fe239fd775ee56
120,1/32,1,32,fixed_x100,100,6,1286,1286,STABLE,2000,600.0,600.0,0.0,600.0,600.0,600.0,600.0,1.0,0.0,0.0,False,0,0.0,0.0,0.0,1.0,0.0,0x1d28eb4c,1103177519814725633575492284400916368200020796302198978406311113261056,a9781a0dce3de749b4c3d7cb73ae11691b79f2b2c1855337e33b9638d6555385
120,1/64,1,64,fixed_x1,1,600,100,100,STABLE,2000,600.0,600.0,0.0,600.0,600.0,600.0,600.0,1.0,0.0,0.0,False,0,0.0,0.0,0.0,1.0,0.0,0x1e0fffff,110427836236357352041769395878404723568785424659630784333489133269811200,125ef3a29d78a7dce88cafdc29478749736f5c115d90cf45d4646d45ffcd8b6f
120,1/64,1,64,fixed_x2,2,300,312,312,STABLE,2000,600.0,600.0,0.0,600.0,600.0,600.0,600.0,1.0,0.0,0.0,False,0,0.0,0.0,0.0,1.0,0.0,0x1e07ff83,55200806737865940651140807144755744815569009890438023802393404918202368,04bf9626dad02f2f8d90f6b12cadd14e3ab45d93bc228df80cc4fa1bc975fde5
120,1/64,1,64,fixed_x5,5,120,375,375,STABLE,2000,600.0,600.0,0.0,600.0,600.0,600.0,600.0,1.0,0.0,0.0,False,0,0.0,0.0,0.0,1.0,0.0,0x1e0332fe,22079985695813036877458889520213710180844183491869927763801348172152832,1d691d48440fc55922d2049b7842ce14ccfca525e8430a852e7252f06de69952
120,1/64,1,64,fixed_x10,10,60,430,430,STABLE,2000,600.0,600.0,0.0,600.0,600.0,600.0,600.0,1.0,0.0,0.0,False,0,0.0,0.0,0.0,1.0,0.0,0x1e01997b,11039571598739844209982653087996120408692816165553361685455656842166272,a0c249a07e95438bbdf7b093764210a85658cb8142989ac033feb0e645a0c227
120,1/64,1,64,fixed_x25,25,24,508,508,STABLE,2000,600.0,600.0,0.0,600.0,600.0,600.0,600.0,1.0,0.0,0.0,False,0,0.0,0.0,0.0,1.0,0.0,0x1e00a3af,4412900957787551794202859114028842125458661182569209408889392891691008,69e3a062a33cbd94a03b98be5fce0cc039298757c7e505627505da51768a7c90
120,1/64,1,64,fixed_x50,50,12,566,566,STABLE,2000,600.0,600.0,0.0,600.0,600.0,600.0,600.0,1.0,0.0,0.0,False,0,0.0,0.0,0.0,1.0,0.0,0x1d51e897,2208250249503345966210036554557843164844155458637641432420233986965504,b4d0013e2d3e2ac212d5a5ddf357a3a4836c2017b0a36600c4567bcdd3838e6c
120,1/64,1,64,fixed_x100,100,6,625,625,STABLE,2000,600.0,600.0,0.0,600.0,600.0,600.0,600.0,1.0,0.0,0.0,False,0,0.0,0.0,0.0,1.0,0.0,0x1d28f42f,1104113400531702069511967923123495861299729727325778076953590634643456,9c4dc8ba72c05d21556c39c58b0d8736cb8ec7cd2f0f2260a6c329855249bf25
